date,open,high,low,close,amout,vol,str07
20170601,24.98,24.98,24.98,24.98,234812.0,9400,65536
20170602,27.48,27.48,27.48,27.48,88321.0,3214,65536
20170605,30.23,30.23,30.23,30.23,133012.0,4400,65536
20170606,33.25,33.25,33.25,33.25,558600.0,16800,65536
20170607,36.58,36.58,36.58,36.58,885236.0,24200,65536
20170608,40.24,40.24,40.24,40.24,2060288.0,51200,65536
20170609,44.26,44.26,44.26,44.26,4355361.0,98404,65536
20170612,48.69,48.69,47.0,48.69,151920192.0,3121456,65536
20170613,51.0,53.56,50.08,52.73,700587200.0,13502961,65536
20170614,48.16,49.17,47.46,47.46,424994848.0,8862233,65536
20170615,46.55,49.98,46.55,47.57,365920544.0,7552368,65536
20170616,47.11,48.58,45.5,47.16,313274208.0,6690455,65536
20170619,46.5,47.2,45.22,45.61,206881824.0,4510705,65536
20170620,45.61,46.64,45.3,45.35,188762960.0,4114356,65536
20170621,44.9,45.26,43.67,44.86,185678544.0,4175246,65536
20170622,44.92,47.0,44.51,45.31,235682512.0,5158640,65536
20170623,44.79,45.44,42.51,43.91,176909888.0,4011015,65536
20170626,43.1,44.49,42.8,43.95,109256312.0,2501300,65536
20170627,43.7,44.75,43.52,43.87,105120152.0,2375319,65536
20170628,43.0,43.2,41.71,41.79,126902576.0,3004533,65536
20170629,41.95,42.15,41.06,41.59,94361648.0,2269937,65536
20170630,41.35,42.52,41.19,41.87,94376832.0,2245405,65536
20170703,41.78,42.08,41.13,41.99,68625392.0,1645296,65536
20170704,42.13,42.77,41.86,42.02,64901172.0,1538000,65536
20170705,41.69,43.3,41.69,42.99,115644280.0,2709063,65536
20170706,42.99,43.28,42.3,42.85,85763088.0,2006637,65536
20170707,42.86,44.18,42.86,43.45,116463944.0,2673535,65536
20170710,42.6,42.61,41.0,41.01,113604096.0,2723200,65536
20170711,40.99,41.27,39.85,40.04,64116900.0,1579291,65536
20170712,39.62,40.28,39.05,40.15,51244496.0,1289991,65536
20170713,39.9,40.2,39.65,39.86,34178336.0,857235,65536
20170714,39.9,40.11,39.16,39.37,29368704.0,739691,65536
20170717,38.02,38.75,35.43,35.43,72126560.0,1982780,65536
20170718,35.0,35.47,33.99,35.1,54405824.0,1567001,65536
20170719,34.9,35.14,34.37,35.1,37679932.0,1081600,65536
20170720,35.06,35.85,34.9,35.15,47469664.0,1341300,65536
20170721,34.71,35.24,34.33,34.57,30288624.0,871100,65536
20170724,34.44,35.85,33.8,35.48,46252240.0,1330800,65536
20170725,35.29,35.8,35.15,35.31,26714486.0,754417,65536
20170726,35.31,35.44,34.7,34.82,24548846.0,699717,65536
20170727,34.83,36.17,34.65,35.86,52403528.0,1471611,65536
20170728,35.8,36.07,35.65,35.78,39664988.0,1108211,65536
20170731,35.57,36.15,35.01,35.43,37237696.0,1043229,65536
20170801,35.27,35.56,34.88,35.39,28953492.0,822229,65536
20170802,35.3,36.8,35.3,35.81,60215960.0,1669204,65536
20170803,35.53,37.21,35.32,36.9,78823728.0,2155690,65536
20170804,36.67,36.91,35.87,35.91,48105500.0,1325390,65536
20170807,36.28,36.6,36.01,36.34,25675562.0,707800,65536
20170808,36.51,36.6,35.88,36.05,28107016.0,775679,65536
20170809,36.0,36.18,35.0,35.03,36980924.0,1039779,65536
20170810,35.05,35.27,34.0,34.12,42144024.0,1223001,65536
20170811,33.86,34.28,33.53,33.86,32004454.0,944260,65536
20170814,34.09,36.66,34.0,35.68,55248404.0,1564470,65536
20170815,35.43,35.87,35.3,35.7,40964140.0,1152791,65536
20170816,35.44,36.58,35.11,36.26,73097384.0,2024441,65536
20170817,36.26,37.43,36.05,37.24,82444464.0,2228243,65536
20170818,37.0,38.14,36.72,37.29,81158416.0,2163914,65536
20170821,37.05,37.67,36.85,37.42,54354728.0,1457714,65536
20170822,37.3,38.99,37.3,37.88,79448624.0,2078074,65536
20170823,38.0,39.27,37.51,38.62,109494416.0,2838223,65536
20170824,38.23,42.43,38.18,41.64,245645648.0,5974104,65536
20170825,41.25,41.76,40.18,41.57,165035392.0,4025022,65536
20170828,41.2,43.3,41.2,42.29,166474304.0,3933322,65536
20170829,41.68,43.79,41.26,41.5,178439088.0,4196981,65536
20170830,40.98,41.42,39.9,40.59,116010304.0,2869084,65536
20170831,40.7,42.29,40.6,42.0,101380896.0,2440171,65536
20170901,42.03,43.27,41.9,42.22,114979424.0,2698703,65536
20170904,41.88,46.1,41.47,45.48,171273184.0,3838007,65536
20170905,44.6,44.89,43.33,44.08,83270848.0,1889779,65536
20170906,43.78,46.1,43.39,45.97,131739440.0,2923679,65536
20170907,46.6,46.65,44.0,44.1,147462880.0,3254600,65536
20170908,43.53,44.74,43.0,43.43,85671368.0,1964872,65536
20170911,43.43,44.14,43.04,43.85,45486088.0,1039338,65536
20170912,43.43,43.98,41.2,41.88,105280448.0,2477806,65536
20170913,41.66,42.3,41.66,42.2,38274932.0,909738,65536
20170914,42.49,42.6,41.85,42.59,48862100.0,1154800,65536
20170915,42.5,43.27,42.21,42.9,58931776.0,1376768,65536
20170918,42.56,42.8,41.3,41.77,51688204.0,1237000,65536
20170919,41.85,41.9,40.0,41.39,60177240.0,1468100,65536
20170920,41.1,42.33,40.5,42.05,45906688.0,1103200,65536
20170921,42.06,42.64,41.37,41.45,39819016.0,946000,65536
20170922,41.11,42.46,40.52,42.44,49173768.0,1176500,65536
20170925,42.44,44.33,42.02,43.39,100055224.0,2295022,65536
20170926,43.1,43.26,41.03,41.91,64489900.0,1537103,65536
20170927,41.58,42.79,41.58,42.63,42939400.0,1019300,65536
20170928,42.55,44.3,42.29,44.14,88841936.0,2028597,65536
20170929,44.09,44.48,43.28,43.93,44459600.0,1016261,65536
20171009,44.76,44.76,43.51,43.71,49716040.0,1129300,65536
20171010,43.9,45.06,43.5,45.05,55701556.0,1254310,65536
20171011,45.5,45.5,43.3,43.41,56011296.0,1267700,65536
20171012,43.53,43.87,41.59,42.89,65304732.0,1528400,65536
20171013,42.52,47.18,42.5,47.18,136912064.0,3007172,65536
20171016,48.0,51.9,48.0,51.48,410456416.0,8198176,65536
20171017,48.14,49.88,46.47,49.02,198321696.0,4085303,65536
20171018,48.6,51.74,47.1,47.25,239351808.0,4812636,65536
20171019,47.56,47.56,44.9,45.79,147944560.0,3231150,65536
20171020,44.95,45.88,44.57,45.19,104669520.0,2318150,65536
20171023,45.24,48.7,44.87,47.44,162578896.0,3445950,65536
20171024,46.95,47.26,45.37,46.29,112343344.0,2439873,65536
20171025,46.5,49.1,46.11,48.86,165014288.0,3422421,65536
20171026,48.0,50.49,47.58,49.99,170687776.0,3469667,65536
20171027,49.49,50.78,48.72,49.0,103176080.0,2084872,65536
20171030,48.16,48.75,46.38,47.31,89354384.0,1888412,65536
20171031,47.31,51.5,47.01,50.54,164535648.0,3309940,65536
20171101,50.18,51.56,49.5,51.4,165298720.0,3256941,65536
20171102,51.37,51.37,49.69,51.04,125740464.0,2483600,65536
20171103,50.56,51.02,48.28,49.41,109835232.0,2218199,65536
20171106,49.8,52.72,49.32,52.43,148980016.0,2927108,65536
20171107,51.01,52.17,50.5,51.93,133521168.0,2597141,65536
20171108,51.59,52.95,49.97,50.02,142502656.0,2779841,65536
20171109,49.9,51.15,49.36,51.06,97931256.0,1948980,65536
20171110,50.52,51.18,50.03,50.59,86065352.0,1702377,65536
20171113,50.7,51.2,49.67,50.52,78447368.0,1561593,65536
20171114,50.5,53.88,50.07,52.07,233459008.0,4458284,65536
20171115,51.4,51.86,48.52,49.83,139622528.0,2787817,65536
20171116,49.28,49.49,46.83,48.0,100142808.0,2077717,65536
20171117,47.8,48.28,44.8,44.99,70889656.0,1524211,65536
20171120,44.1,46.45,44.1,46.31,55350696.0,1215928,65536
20171121,46.33,46.55,44.18,45.72,62504552.0,1379460,65536
20171122,45.26,46.5,43.43,43.83,73558448.0,1648400,65536
20171123,43.83,44.29,40.49,41.01,77722632.0,1821289,65536
20171124,40.85,41.9,40.78,41.25,40071604.0,969743,65536
20171127,41.1,41.5,39.5,39.95,37255324.0,920451,65536
20171128,39.82,40.78,39.11,40.36,38056464.0,948317,65536
20171129,40.2,41.8,40.01,41.01,64759424.0,1575700,65536
20171130,40.3,41.1,40.12,40.5,35294016.0,869660,65536
20171201,40.6,41.4,40.48,41.1,32919548.0,800977,65536
20171204,40.8,40.8,38.01,38.17,56675464.0,1451917,65536
20171205,38.1,39.2,37.12,37.68,44521268.0,1168011,65536
20171206,37.33,38.38,36.77,38.31,30412950.0,806762,65536
20171207,38.1,38.49,37.82,38.17,17769744.0,465451,65536
20171208,38.0,39.31,37.83,38.89,34549700.0,887523,65536
20171211,39.2,39.79,38.9,39.43,29862832.0,756623,65536
20171212,39.86,40.98,39.0,39.04,44806176.0,1117917,65536
20171213,38.8,40.58,38.78,40.05,44344960.0,1111100,65536
20171214,39.56,40.0,39.25,39.78,30477220.0,770011,65536
20171215,39.8,39.8,38.8,39.02,21334908.0,544000,65536
20171218,38.98,39.24,38.01,38.31,17233770.0,447800,65536
20171219,38.5,39.06,38.49,38.88,14397067.0,371100,65536
20171220,39.05,39.05,37.81,38.03,14023918.0,366200,65536
20171221,37.88,40.93,37.88,40.27,81064232.0,2027711,65536
20171222,40.16,40.25,39.55,39.94,50958916.0,1280200,65536
20171225,39.8,39.8,38.0,38.66,46979712.0,1212800,65536
20171226,38.6,41.56,38.49,41.54,100281400.0,2476400,65536
20171227,41.35,42.45,40.7,41.25,87933768.0,2125655,65536
20171228,41.12,41.82,40.81,41.24,56773764.0,1373955,65536
20171229,41.3,41.78,40.73,41.1,35648064.0,864311,65536
20180102,41.19,41.98,41.05,41.43,36202528.0,873294,65536
20180103,41.45,41.95,40.72,41.69,45847184.0,1106000,65536
20180104,41.98,41.98,41.14,41.18,32600268.0,787100,65536
20180105,41.32,41.45,40.3,40.6,27314976.0,670300,65536
20180108,40.3,40.89,40.17,40.78,20801666.0,513700,65536
20180109,41.0,41.0,40.4,40.55,16995620.0,418300,65536
20180110,40.46,41.09,40.01,40.7,26361842.0,650700,65536
20180111,40.16,41.1,40.16,41.08,33862920.0,830514,65536
20180112,41.0,41.9,40.57,41.4,36273068.0,881920,65536
20180115,41.3,41.3,38.93,38.94,43929432.0,1097600,65536
20180116,39.0,39.77,38.61,39.1,41058320.0,1050136,65536
20180117,38.95,40.3,38.22,39.66,42136800.0,1073700,65536
20180118,39.66,39.99,39.02,39.07,34995552.0,887720,65536
20180119,38.81,39.98,38.8,39.58,54653540.0,1382400,65536
20180122,39.3,40.8,39.3,39.69,55015816.0,1379800,65536
20180123,39.59,40.1,39.06,39.26,30067424.0,763162,65536
20180124,39.02,39.65,39.02,39.43,24959944.0,632142,65536
20180125,39.34,40.89,39.34,39.95,59050472.0,1462730,65536
20180126,39.75,39.85,39.2,39.29,34665392.0,878820,65536
20180129,39.3,39.52,38.4,38.92,21784604.0,561494,65536
20180130,38.54,38.86,38.46,38.53,11217533.0,291020,65536
20180131,38.53,38.59,35.18,35.79,39928672.0,1087631,65536
20180201,35.79,36.08,34.5,34.51,25243972.0,721659,65536
20180202,34.99,34.99,33.12,33.73,15500758.0,458200,65536
20180205,33.18,33.95,32.66,33.5,13704568.0,409956,65536
20180206,33.0,34.0,32.21,32.69,25489964.0,766400,65536
20180207,33.63,33.85,32.52,33.38,15441214.0,462756,65536
20180208,33.53,34.19,33.39,33.96,13044912.0,384300,65536
20180209,33.51,34.18,33.05,33.91,19341320.0,574494,65536
20180212,33.98,35.32,33.91,35.1,13149929.0,376500,65536
20180213,35.0,35.4,34.37,35.07,22529556.0,645300,65536
20180214,35.05,35.25,34.7,34.99,8428740.0,241600,65536
20180222,35.06,35.45,34.99,35.15,11102629.0,314843,65536
20180223,35.18,35.82,34.88,35.23,12368407.0,349200,65536
20180226,35.48,36.4,35.48,36.39,20147528.0,560543,65536
20180227,36.1,37.78,35.9,37.26,34158680.0,923943,65536
20180228,36.7,37.41,36.51,36.9,16931448.0,458800,65536
20180301,36.8,37.23,36.61,37.06,13203032.0,356700,65536
20180302,36.98,37.15,36.05,36.08,15681833.0,429600,65536
20180305,36.15,37.35,35.8,37.14,19681974.0,535037,65536
20180306,37.0,37.48,36.85,37.26,19796960.0,533280,65536
20180307,37.25,37.77,37.05,37.51,17197656.0,458900,65536
20180308,37.32,39.79,37.31,39.66,51074484.0,1314750,65536
20180309,39.5,39.5,38.71,39.31,27494040.0,703000,65536
20180312,39.15,39.79,39.12,39.49,19613638.0,496922,65536
20180313,39.43,39.62,38.43,38.6,20941748.0,539242,65536
20180314,38.38,38.99,38.3,38.57,10154075.0,262160,65536
20180315,38.6,38.6,36.0,36.49,26909990.0,726900,65536
20180316,36.52,36.89,36.31,36.37,10798930.0,294800,65536
20180319,36.5,38.0,36.49,37.09,15989583.0,427200,65536
20180320,36.71,37.19,36.3,37.12,14680469.0,399500,65536
20180321,37.18,37.77,36.85,36.87,17166316.0,459260,65536
20180322,36.9,37.35,36.7,37.2,10145807.0,273200,65536
20180323,36.01,36.27,33.68,33.76,22875022.0,651600,65536
20180326,33.45,34.69,32.8,34.68,13590953.0,400794,65536
20180327,34.83,35.99,34.83,35.5,14676598.0,412860,65536
20180328,35.3,37.46,35.01,36.62,30955964.0,844800,65536
20180329,36.5,37.17,36.2,36.84,16200624.0,443594,65536
20180330,37.12,37.85,36.84,37.64,21673182.0,577394,65536
20180402,37.64,38.27,37.31,37.5,20394792.0,538960,65536
20180403,36.5,39.78,36.21,38.09,31997178.0,834820,65536
20180404,37.88,39.3,37.71,38.93,41313316.0,1072942,65536
20180409,38.45,38.83,37.8,38.77,24354500.0,635600,65536
20180410,38.8,38.8,37.81,38.5,26125608.0,683414,65536
20180411,38.32,40.56,38.32,39.99,46971316.0,1182100,65536
20180412,39.45,40.19,39.45,39.7,29929580.0,752102,65536
20180413,39.71,40.1,39.54,39.85,24243216.0,608502,65536
20180416,39.95,40.38,39.2,39.5,28685820.0,720722,65536
20180417,39.5,39.97,37.8,38.02,24338836.0,629402,65536
20180418,38.3,38.8,36.9,38.75,23820042.0,626396,65536
20180419,38.5,40.5,38.5,40.4,58079028.0,1458394,65536
20180420,39.0,39.0,36.36,36.74,60241132.0,1572394,65536
20180423,36.42,36.75,35.5,35.57,35682804.0,985294,65536
20180424,35.77,39.13,35.7,37.29,22859948.0,615300,65536
20180425,36.07,37.89,36.07,37.78,21878388.0,587494,65536
20180426,37.56,38.35,37.21,37.64,23562528.0,621494,65536
20180427,37.6,39.0,37.6,38.67,24540694.0,636145,65536
20180502,38.9,39.55,38.0,38.38,26055468.0,673674,65536
20180503,38.05,39.38,36.9,39.26,38549912.0,1007908,65536
20180504,38.98,39.46,38.63,38.79,16061279.0,413194,65536
20180507,38.95,39.5,38.66,39.35,23414704.0,597945,65536
20180508,39.6,39.78,39.11,39.36,22089102.0,560300,65536
20180509,39.31,40.6,38.86,40.58,50814656.0,1272214,65536
20180510,40.62,40.95,39.51,39.83,43520648.0,1085114,65536
20180511,39.84,39.99,38.46,38.58,29187428.0,751314,65536
20180514,38.58,38.74,37.75,37.99,23888012.0,628300,65536
20180515,37.86,38.65,37.86,38.64,28797928.0,753400,65536
20180516,38.65,38.65,37.61,37.9,29477420.0,775014,65536
20180517,37.89,38.27,37.58,38.18,27825410.0,733694,65536
20180518,38.2,38.77,37.4,38.39,41657036.0,1090594,65536
20180521,39.58,42.23,38.99,42.23,87323744.0,2109895,65536
20180522,43.79,46.4,43.48,44.04,293503008.0,6564549,65536
20180523,42.42,43.31,41.85,41.87,139778176.0,3287774,65536
20180524,41.62,42.5,40.9,41.14,85793520.0,2065380,65536
20180525,40.97,42.37,40.97,42.14,86288800.0,2063600,65536
20180528,41.7,41.7,39.57,40.92,69552208.0,1710094,65536
20180529,40.82,41.85,40.0,41.39,61699684.0,1498900,65536
20180530,40.97,40.97,37.25,37.76,60173948.0,1526520,65536
20180531,38.17,38.7,37.85,38.26,36812320.0,961800,65536
20180601,38.48,39.64,38.01,39.26,39086088.0,1004620,65536
20180604,38.65,39.8,38.65,38.98,27461996.0,700921,65536
20180605,38.82,39.45,38.82,39.43,37226092.0,948200,65536
20180606,39.3,39.78,39.07,39.74,40022216.0,1015080,65536
20180607,39.76,39.85,38.66,38.79,29739934.0,762315,65536
20180608,38.7,38.88,37.33,37.89,31213026.0,823300,65536
20180611,37.88,37.88,36.05,36.38,33874216.0,921419,65536
20180612,36.38,37.36,36.11,36.92,43595112.0,1189496,65536
20180613,36.72,36.72,35.56,35.6,33108774.0,921790,65536
20180614,35.95,36.28,35.68,35.9,20872318.0,579805,65536
20180615,35.98,35.98,32.5,34.59,22186336.0,636900,65536
20180619,33.8,34.9,31.13,31.4,32039732.0,984600,65536
20180620,31.4,32.46,30.5,31.87,26730940.0,846681,65536
20180621,31.88,32.05,30.52,30.64,20366224.0,651400,65536
20180622,30.98,31.8,30.6,31.72,17335480.0,551705,65536
20180625,32.25,32.78,32.0,32.34,18895972.0,583700,65536
20180626,32.18,33.1,31.51,33.05,16036593.0,492400,65536
20180627,33.08,33.33,32.13,32.55,20338590.0,621700,65536
20180628,31.49,31.82,30.43,30.55,16071461.0,513715,65536
20180629,30.57,31.87,30.57,31.84,17837496.0,567099,65536
20180702,31.47,32.07,31.0,31.11,16596191.0,525490,65536
20180703,31.11,32.09,30.73,32.06,24349168.0,771800,65536
20180704,32.06,32.81,30.5,31.3,25245504.0,788400,65536
20180705,33.39,34.43,32.4,32.81,68419256.0,2034615,65536
20180706,32.51,35.64,32.51,34.77,92640120.0,2709561,65536
20180709,34.25,35.65,34.2,35.6,55213024.0,1582794,65536
20180710,35.23,36.2,35.23,35.61,42544668.0,1194994,65536
20180711,35.68,36.21,35.0,35.52,43402428.0,1219000,65536
20180712,35.45,36.09,35.4,36.0,44211572.0,1233000,65536
20180713,35.12,36.11,35.12,35.48,29193752.0,818394,65536
20180716,35.61,35.84,35.35,35.73,21206916.0,595415,65536
20180717,35.88,35.88,35.3,35.75,18217726.0,511800,65536
20180718,35.87,36.48,35.6,35.86,42446848.0,1175816,65536
20180719,35.45,35.85,34.6,34.68,28599258.0,813381,65536
20180720,34.65,36.4,34.62,36.08,41648180.0,1165097,65536
20180723,36.0,36.85,35.4,36.45,33364560.0,919581,65536
20180724,36.51,36.95,36.32,36.79,23746704.0,646400,65536
20180725,36.9,36.99,36.32,36.52,18542070.0,506981,65536
20180726,36.5,36.52,35.6,35.92,16283296.0,451400,65536
20180727,35.89,36.49,35.8,35.88,13302898.0,367500,65536
20180730,35.9,37.87,35.65,36.94,39537996.0,1067215,65536
20180731,36.38,36.93,35.71,35.89,23343712.0,646215,65536
20180801,36.08,36.27,34.66,34.71,20444642.0,575500,65536
20180802,35.0,35.0,32.01,33.56,33393700.0,996048,65536
20180803,33.33,34.01,33.07,33.33,11204084.0,334200,65536
20180806,33.08,33.6,32.27,33.19,15204408.0,458500,65536
20180807,33.3,34.16,33.15,34.11,14775286.0,437400,65536
20180808,34.08,34.3,32.98,33.15,15187952.0,452200,65536
20180809,33.4,34.26,32.9,34.2,16914132.0,497900,65536
20180810,34.2,35.07,33.9,34.94,18100842.0,523122,65536
20180813,34.53,35.36,34.12,35.29,13908182.0,400223,65536
20180814,35.26,35.72,34.86,35.26,19322260.0,547661,65536
20180815,35.25,35.36,34.22,34.61,18239692.0,525950,65536
20180816,34.6,34.6,33.72,34.0,21030428.0,616717,65536
20180817,33.53,33.8,30.6,30.76,48579028.0,1514150,65536
20180820,30.72,31.84,30.2,31.82,23346864.0,751616,65536
20180821,31.8,32.58,31.27,32.21,15977771.0,498016,65536
20180822,31.85,32.96,31.85,32.23,13924341.0,428116,65536
20180823,32.39,32.77,32.01,32.36,8777911.0,270723,65536
20180824,32.34,32.65,32.1,32.42,7391884.0,228300,65536
20180827,32.42,34.2,32.35,33.33,25806014.0,779552,65536
20180828,33.19,33.39,32.81,33.0,16436812.0,497386,65536
20180829,33.5,34.15,33.13,33.32,24662624.0,734915,65536
20180830,33.55,33.77,33.2,33.52,18562444.0,554177,65536
20180831,33.67,33.88,33.0,33.36,15442908.0,461244,65536
20180903,33.23,33.23,31.59,32.49,13168041.0,407101,65536
20180904,32.5,33.67,32.1,33.45,14919929.0,448563,65536
20180905,33.6,33.6,32.91,32.96,10536707.0,316371,65536
20180906,32.88,33.26,32.6,32.7,8800389.0,267628,65536
20180907,33.0,33.49,32.75,33.27,13755442.0,414651,65536
20180910,32.94,33.42,32.16,32.48,9874443.0,302000,65536
20180911,32.47,33.17,32.3,33.07,9531067.0,290515,65536
20180912,32.98,33.44,32.6,32.86,7695005.0,232780,65536
20180913,33.43,33.5,32.72,33.36,7835687.0,236667,65536
20180914,33.35,33.4,32.62,32.69,13064938.0,397409,65536
20180917,32.33,32.65,31.11,31.2,14852478.0,469019,65536
20180918,31.2,32.29,31.2,32.12,10249513.0,322974,65536
20180919,31.85,32.86,31.81,32.5,12109376.0,373236,65536
20180920,32.5,32.96,32.21,32.7,12295157.0,376175,65536
20180921,32.99,33.43,32.68,33.19,11968547.0,361759,65536
20180925,33.0,33.42,32.5,32.91,14288303.0,434384,65536
20180926,33.05,33.09,32.61,33.0,13796543.0,419733,65536
20180927,32.8,32.91,31.88,31.98,19173956.0,593217,65536
20180928,32.5,32.5,31.74,32.11,11870706.0,370553,65536
20181008,31.8,31.8,30.0,30.7,15260114.0,492124,65536
20181009,30.53,30.96,30.0,30.5,11315733.0,370253,65536
20181010,30.5,31.29,30.3,30.99,11146293.0,359192,65536
20181011,30.0,30.28,27.9,28.18,25501696.0,877254,65536
20181012,28.14,28.5,27.3,28.28,13223822.0,472400,65536
20181015,28.56,29.0,28.27,28.38,10221768.0,357800,65536
20181016,28.31,28.9,27.8,28.08,11436801.0,406100,65536
20181017,28.47,28.6,27.29,27.9,19712526.0,708031,65536
20181018,27.86,27.86,26.41,26.44,13886658.0,515631,65536
20181019,26.0,27.28,25.82,27.1,11269281.0,420131,65536
20181022,27.11,28.9,27.11,28.5,20826196.0,737809,65536
20181023,28.52,29.58,28.39,28.58,19174624.0,664200,65536
20181024,28.67,28.95,28.1,28.55,9330699.0,326600,65536
20181025,27.89,28.95,27.6,28.91,10994990.0,388868,65536
20181026,28.7,28.7,27.62,28.0,25843988.0,919190,65536
20181029,27.5,27.77,26.81,27.0,18809808.0,689149,65536
20181030,27.25,27.32,26.38,27.16,14052720.0,521210,65536
20181031,27.31,28.25,27.02,27.97,21700584.0,781005,65536
20181101,28.18,29.6,27.97,28.69,35341064.0,1222619,65536
20181102,28.81,30.35,28.81,30.35,41224572.0,1394736,65536
20181105,30.45,30.9,29.3,29.74,31860248.0,1057500,65536
20181106,29.5,29.96,29.3,29.8,12630117.0,426701,65536
20181107,29.8,30.27,28.87,29.13,21004460.0,711509,65536
20181108,29.4,29.55,29.0,29.12,13445380.0,458900,65536
20181109,29.07,29.38,28.88,29.15,9508841.0,326500,65536
20181112,29.12,30.15,28.81,30.1,20938780.0,703914,65536
20181113,29.71,30.47,29.59,30.11,22006692.0,733434,65536
20181114,30.0,30.81,29.8,30.4,21200352.0,702229,65536
20181115,31.45,32.84,30.71,32.15,61756256.0,1948831,65536
20181116,32.14,32.88,32.02,32.41,56000016.0,1723290,65536
20181119,32.16,32.32,31.41,32.07,37807716.0,1189147,65536
20181120,31.61,31.95,30.93,30.97,30491384.0,964964,65536
20181121,30.55,31.66,30.28,31.66,20770748.0,668778,65536
20181122,31.72,32.55,31.72,32.08,30743584.0,952295,65536
20181123,32.13,32.38,30.83,31.16,23603828.0,752727,65536
20181126,30.62,30.87,29.58,29.89,25464132.0,846709,65536
20181127,30.2,30.3,29.62,29.76,17401780.0,580863,65536
20181128,30.0,30.98,29.68,30.98,21588000.0,710357,65536
20181129,31.03,31.16,29.31,29.5,22278074.0,730553,65536
20181130,29.4,30.18,29.2,30.18,13589308.0,455979,65536
20181203,30.6,31.19,30.6,30.88,16892320.0,544965,65536
20181204,30.88,31.18,30.66,30.99,11442445.0,370281,65536
20181205,30.56,31.26,30.31,31.19,13842926.0,449000,65536
20181206,30.66,30.95,30.15,30.2,13496562.0,442999,65536
20181207,30.0,30.43,30.0,30.2,6538680.0,216280,65536
20181210,30.16,30.16,29.63,29.69,7508383.0,252000,65536
20181211,29.72,30.09,29.38,29.7,7057167.0,237700,65536
20181212,29.8,29.96,29.5,29.81,7787061.0,262000,65536
20181213,29.7,30.36,29.63,30.09,10576022.0,351517,65536
20181214,29.99,30.67,29.72,29.78,30487942.0,1010991,65536
20181217,29.78,29.78,28.53,29.45,27410152.0,944300,65536
20181218,29.15,30.25,29.0,30.12,18790194.0,637500,65536
20181219,30.2,31.1,30.14,30.8,25589954.0,836396,65536
20181220,30.57,31.12,30.57,31.09,16047491.0,519000,65536
20181221,31.08,31.28,30.7,30.9,12304026.0,397300,65536
20181224,31.03,32.49,31.0,32.36,39308340.0,1224671,65536
20181225,32.0,33.1,31.86,33.0,26431584.0,817522,65536
20181226,33.0,33.89,32.59,33.54,38113564.0,1140000,65536
20181227,33.61,33.9,32.61,33.08,18763282.0,565000,65536
20181228,33.0,34.35,32.83,34.3,37339712.0,1113215,65536
20190102,34.53,34.53,30.9,33.75,26078838.0,782206,65536
20190103,32.88,34.17,32.88,33.7,24299372.0,719347,65536
20190104,33.5,34.45,33.1,34.4,23636832.0,698264,65536
20190107,34.25,34.95,34.25,34.76,31778580.0,915000,65536
20190108,34.47,34.99,34.08,34.5,49565256.0,1423095,65536
20190109,34.85,34.85,33.94,34.0,31632570.0,922495,65536
20190110,33.7,34.5,33.7,33.75,31501214.0,924769,65536
20190111,33.96,34.44,33.75,34.32,36964464.0,1081616,65536
20190114,34.3,34.5,32.26,32.38,39858856.0,1208822,65536
20190115,32.7,32.7,32.12,32.22,44258412.0,1368556,65536
20190116,32.8,32.8,31.7,31.83,15337516.0,476900,65536
20190117,31.83,32.2,31.6,31.62,25556956.0,801356,65536
20190118,31.64,31.76,30.98,31.6,19436584.0,620137,65536
20190121,31.6,31.85,31.01,31.25,24500020.0,781161,65536
20190122,31.2,31.35,30.78,31.07,23163984.0,746288,65536
20190123,30.78,31.12,30.53,30.81,15945577.0,517491,65536
20190124,30.81,31.3,30.71,31.03,18812628.0,605091,65536
20190125,30.86,31.06,30.5,30.54,16379232.0,530809,65536
20190128,30.71,30.8,29.83,30.04,18275080.0,601000,65536
20190129,30.05,30.14,28.86,29.32,14561097.0,496800,65536
20190130,29.2,29.8,29.08,29.3,8411870.0,285000,65536
20190131,29.39,29.68,29.01,29.18,8565316.0,291800,65536
20190201,29.19,30.75,29.19,30.58,15401200.0,510257,65536
20190211,30.57,30.87,30.05,30.79,10415851.0,340000,65536
20190212,30.78,31.3,30.61,30.89,17930868.0,579200,65536
20190213,30.89,31.27,30.7,31.24,20518130.0,661400,65536
20190214,31.22,31.26,30.92,31.1,16509738.0,530400,65536
20190215,30.95,31.23,30.84,30.93,14695107.0,473400,65536
20190218,31.02,31.74,31.01,31.69,30069762.0,956406,65536
20190219,31.79,31.98,31.21,31.41,35447616.0,1120844,65536
20190220,31.5,31.61,30.76,31.21,26699248.0,856560,65536
20190221,31.15,31.71,31.08,31.19,30263160.0,962917,65536
20190222,31.41,31.79,31.1,31.69,18599216.0,591617,65536
20190225,31.7,33.25,31.7,33.07,50477060.0,1555373,65536
20190226,33.3,33.99,32.61,33.66,46772588.0,1402691,65536
20190227,33.35,34.36,33.24,33.83,50387320.0,1483615,65536
20190228,34.5,37.2,34.49,36.7,93280208.0,2573909,65536
20190301,36.7,37.43,35.59,37.36,59893040.0,1631973,65536
20190304,37.22,40.99,37.22,39.39,99310408.0,2497149,65536
20190305,39.48,39.99,38.38,39.48,47109616.0,1198111,65536
20190306,39.53,40.35,38.68,39.9,47613232.0,1209911,65536
20190307,39.63,39.85,39.02,39.2,44971600.0,1144632,65536
20190308,38.38,39.3,37.5,37.51,54819440.0,1423200,65536
20190311,37.58,39.5,37.58,38.86,36551672.0,942700,65536
20190312,39.98,41.0,38.8,39.26,58429204.0,1461842,65536
20190313,39.28,40.17,38.65,39.4,54843012.0,1395100,65536
20190314,39.79,40.97,37.0,39.0,57074680.0,1473805,65536
20190315,38.68,38.82,37.97,38.15,27492032.0,717425,65536
20190318,38.33,38.74,37.69,38.7,21895464.0,569342,65536
20190319,37.82,38.96,37.7,38.48,40233804.0,1053400,65536
20190320,38.49,39.45,38.14,38.81,39353712.0,1014411,65536
20190321,39.58,39.65,38.61,38.61,37057244.0,945842,65536
20190322,38.7,38.88,38.05,38.66,18062510.0,470300,65536
20190325,38.38,39.18,38.09,38.99,29201644.0,753600,65536
20190326,38.84,39.35,37.1,37.2,27093830.0,711200,65536
20190327,37.2,37.88,37.14,37.66,15881796.0,424012,65536
20190328,37.29,38.02,37.29,37.85,17375830.0,459264,65536
20190329,37.2,39.29,37.2,39.22,32759858.0,847268,65536
20190401,39.45,40.45,39.23,40.0,32318242.0,807664,65536
20190402,40.02,40.8,39.29,39.54,33031842.0,826420,65536
20190403,39.58,40.45,38.56,38.9,60999192.0,1554591,65536
20190404,38.85,39.81,38.71,39.25,28888780.0,738835,65536
20190408,39.98,39.98,38.17,38.6,34093048.0,873600,65536
20190409,38.28,38.8,37.72,38.2,27184802.0,711446,65536
20190410,38.2,39.01,37.89,38.94,29852068.0,772704,65536
20190411,38.93,38.93,37.38,37.44,26722440.0,704000,65536
20190412,37.81,38.1,37.2,37.44,21441608.0,571000,65536
20190415,37.68,39.38,37.68,38.88,54237424.0,1399500,65536
20190416,38.7,40.05,38.32,39.26,63506036.0,1622305,65536
20190417,39.15,39.78,38.5,39.41,39139160.0,998010,65536
20190418,39.42,39.96,38.89,39.5,39770488.0,1004458,65536
20190419,39.5,39.88,37.58,38.42,50939488.0,1324432,65536
20190422,38.38,38.7,37.31,37.61,40144232.0,1059701,65536
20190423,37.3,37.87,37.29,37.65,13787240.0,367100,65536
20190424,37.65,37.74,36.62,37.31,17616400.0,472929,65536
20190425,37.68,37.7,36.63,36.67,23367158.0,625629,65536
20190426,37.1,37.68,36.06,36.25,16133249.0,437425,65536
20190429,36.51,36.58,33.76,34.02,35075364.0,999180,65536
20190430,34.3,35.55,34.01,35.39,19010136.0,541054,65536
20190506,34.0,35.3,32.08,32.8,21494224.0,634997,65536
20190507,32.9,33.57,32.9,33.14,11568079.0,348080,65536
20190508,32.9,34.16,32.08,33.74,10556106.0,314354,65536
20190509,33.74,34.01,33.04,33.15,9446535.0,283031,65536
20190510,33.49,35.27,32.88,34.1,18369924.0,540500,65536
20190513,33.88,34.1,33.65,34.08,8461955.0,249400,65536
20190514,34.01,34.57,33.53,34.24,13715677.0,401271,65536
20190515,34.9,34.98,34.2,34.42,13693245.0,397600,65536
20190516,34.42,34.62,34.07,34.48,10799897.0,314754,65536
20190517,34.63,34.63,33.5,33.56,11447569.0,338000,65536
20190520,33.3,33.33,32.82,33.1,8823207.0,266367,65536
20190521,33.12,33.95,33.12,33.55,11288675.0,335996,65536
20190522,24.61,24.98,24.09,24.41,5841982.0,236567,65536
20190523,24.36,24.36,23.53,23.71,10041387.0,420414,65536
20190524,23.7,23.99,23.51,23.86,10112339.0,425592,65536
20190527,23.9,25.77,23.89,25.26,16892280.0,673478,65536
20190528,25.33,25.49,24.83,25.05,11239406.0,446817,65536
20190529,25.05,25.74,24.66,25.5,12475900.0,490016,65536
20190530,25.3,25.45,24.8,25.41,9709939.0,386074,65536
20190531,25.56,26.33,25.13,25.22,9660667.0,380238,65536
20190603,25.1,25.64,24.93,25.45,11387697.0,450840,65536
20190604,25.4,25.57,25.09,25.31,7378337.0,291114,65536
20190605,25.6,25.6,25.0,25.11,7044256.0,279443,65536
20190606,25.1,25.44,24.1,24.53,12406708.0,503070,65536
20190610,24.8,25.11,24.0,24.83,11068346.0,449386,65536
20190611,25.16,25.43,24.76,25.42,13645962.0,539629,65536
20190612,25.42,25.55,25.2,25.22,11314906.0,445961,65536
20190613,25.37,25.48,24.96,25.36,7389474.0,293075,65536
20190614,25.42,25.48,24.71,24.86,9637392.0,384105,65536
20190617,24.86,24.99,24.29,24.81,5570025.0,225291,65536
20190618,25.0,25.0,24.39,24.54,4921972.0,200300,65536
20190619,24.96,26.28,24.81,25.76,27175824.0,1067750,65536
20190620,25.76,28.34,25.71,27.88,83292760.0,3022331,65536
20190621,27.64,28.81,26.88,27.8,83815440.0,3000760,65536
20190624,28.0,28.0,26.67,26.94,40734580.0,1502943,65536
20190625,26.61,26.93,26.26,26.51,24987232.0,943578,65536
20190626,26.28,26.85,26.03,26.43,19499648.0,736603,65536
20190627,26.43,26.72,26.29,26.44,18701706.0,707294,65536
20190628,26.53,26.53,25.8,26.34,16059637.0,614023,65536
20190701,26.78,27.48,26.75,27.08,36884376.0,1360338,65536
20190702,27.08,28.39,26.53,27.65,43663400.0,1585771,65536
20190703,27.65,29.86,27.12,29.3,107877072.0,3735028,65536
20190704,29.0,30.06,28.46,29.8,85749240.0,2919910,65536
20190705,29.37,29.79,28.7,29.3,54031752.0,1848838,65536
20190708,29.0,29.19,28.2,28.41,27605140.0,965734,65536
20190709,28.53,29.05,28.06,28.26,18972906.0,666138,65536
20190710,28.45,28.45,27.85,28.12,16518715.0,587260,65536
20190711,28.36,28.36,27.6,28.19,17390836.0,621223,65536
20190712,28.16,28.52,27.67,28.24,15557443.0,551329,65536
20190715,28.24,28.95,27.71,28.07,31314914.0,1112114,65536
20190716,28.05,28.2,27.3,27.41,24128402.0,873815,65536
20190717,27.3,27.57,27.0,27.2,27172396.0,995580,65536
20190718,27.13,27.16,26.02,26.02,21884508.0,828059,65536
20190719,26.05,26.76,26.0,26.13,18929264.0,716680,65536
20190722,26.48,26.59,25.11,25.62,20957520.0,822060,65536
20190723,25.38,25.81,25.15,25.7,11850918.0,464587,65536
20190724,25.45,26.16,25.45,25.94,10614081.0,409038,65536
20190725,25.93,26.39,25.75,26.17,12640862.0,484110,65536
20190726,26.23,26.57,26.01,26.48,11624920.0,441960,65536
20190729,26.48,26.61,26.06,26.37,12314534.0,467209,65536
20190730,26.45,26.86,26.33,26.5,7507490.0,282380,65536
20190731,26.5,26.89,26.33,26.75,10554134.0,396550,65536
20190801,26.5,26.87,26.3,26.76,10855400.0,408624,65536
20190802,26.79,26.79,26.1,26.28,9702525.0,369009,65536
20190805,26.38,27.28,26.01,26.39,9154648.0,344375,65536
20190806,25.88,26.12,25.02,25.56,11371717.0,444160,65536
20190807,25.87,26.16,25.55,25.89,5460991.0,210944,65536
20190808,25.89,26.36,25.65,26.2,6972755.0,267749,65536
20190809,26.2,26.38,25.32,25.43,14395827.0,560935,65536
20190812,25.4,26.1,25.04,25.84,8615780.0,336755,65536
20190813,25.4,25.81,25.2,25.65,5045263.0,197154,65536
20190814,26.14,26.29,25.7,26.05,11609769.0,445555,65536
20190815,25.77,25.81,25.34,25.73,7353335.0,287364,65536
20190816,25.73,26.11,25.4,25.83,8883587.0,343820,65536
20190819,26.06,26.54,25.94,26.53,19164084.0,727364,65536
20190820,26.97,26.98,26.27,26.29,15108035.0,570050,65536
20190821,26.3,26.48,26.1,26.36,8521196.0,323942,65536
20190822,26.3,26.39,25.86,26.15,11785989.0,452004,65536
20190823,26.15,26.45,26.13,26.36,10342836.0,392835,65536
20190826,25.61,26.27,25.61,26.01,7121562.0,274302,65536
20190827,26.01,26.4,25.91,26.33,10007321.0,381055,65536
20190828,25.83,25.98,25.6,25.71,16338621.0,634855,65536
20190829,25.68,25.87,25.55,25.56,11425046.0,445645,65536
20190830,26.96,26.96,25.4,25.63,15636033.0,607294,65536
20190902,25.84,26.56,25.41,26.5,20668692.0,795555,65536
20190903,26.21,26.25,25.91,26.03,15498146.0,594165,65536
20190904,25.85,26.03,25.61,25.83,13323520.0,515800,65536
20190905,25.84,26.15,25.84,26.15,19657218.0,754710,65536
20190906,26.7,26.7,26.11,26.32,19049224.0,723995,65536
20190909,26.43,27.43,26.0,27.13,39799848.0,1483476,65536
20190910,27.03,27.3,26.8,27.0,19678672.0,728985,65536
20190911,27.08,27.18,26.52,26.62,20516316.0,767195,65536
20190912,26.64,26.91,26.41,26.53,13893948.0,522699,65536
20190916,26.53,26.85,26.44,26.85,13250018.0,494955,65536
20190917,26.85,26.97,26.29,26.38,14765821.0,556664,65536
20190918,26.39,26.67,26.19,26.38,5648783.0,213885,65536
20190919,26.3,26.48,26.03,26.28,14647353.0,558846,65536
20190920,26.22,26.47,26.1,26.18,13216572.0,503598,65536
20190923,26.36,26.36,25.58,25.79,11680766.0,450450,65536
20190924,25.83,25.99,25.53,25.58,10842499.0,420660,65536
20190925,25.5,25.67,25.06,25.22,10367234.0,409450,65536
20190926,25.19,25.39,24.62,24.84,8546810.0,343495,65536
20190927,25.44,25.45,24.81,24.95,5524298.0,220809,65536
20190930,25.1,25.1,24.37,24.8,4454227.0,180035,65536
20191008,24.99,25.1,24.5,25.1,6295575.0,253060,65536
20191009,24.95,25.0,24.55,24.76,9403290.0,380590,65536
20191010,24.77,24.86,24.4,24.84,9419223.0,381125,65536
20191011,24.87,25.24,24.62,24.94,12738566.0,509510,65536
20191014,25.26,25.27,24.82,25.0,7740443.0,308855,65536
20191015,25.04,25.1,24.73,24.98,6164357.0,247675,65536
20191016,25.14,25.14,24.7,24.89,5552192.0,222265,65536
20191017,24.72,24.96,24.71,24.83,4514737.0,182165,65536
20191018,24.71,24.94,24.11,24.33,5894404.0,240054,65536
20191021,24.65,24.65,23.79,24.01,5476987.0,228540,65536
20191022,24.2,24.36,23.85,24.25,7199113.0,299477,65536
20191023,24.29,24.3,23.79,23.82,5775104.0,240404,65536
20191024,23.94,23.94,23.67,23.81,3809196.0,160175,65536
20191025,23.91,23.95,23.7,23.9,3686008.0,154490,65536
20191028,23.9,24.09,23.72,24.04,8608400.0,359355,65536
20191029,24.04,24.04,22.11,22.28,27893224.0,1215230,65536
20191030,22.27,22.27,21.42,21.68,16990392.0,781150,65536
20191031,21.58,21.86,21.33,21.62,11297071.0,524020,65536
20191101,21.67,22.0,21.28,21.82,9853423.0,453676,65536
20191104,21.89,22.0,21.38,21.42,13984750.0,645005,65536
20191105,21.54,21.55,20.55,20.9,24676506.0,1185005,65536
20191106,20.88,20.88,19.98,20.13,32528004.0,1602930,65536
20191107,20.05,20.53,19.92,20.46,21752956.0,1073420,65536
20191108,20.32,20.55,20.02,20.12,22911044.0,1132610,65536
20191111,20.11,20.11,18.81,19.33,31455638.0,1641060,65536
20191112,19.29,19.45,18.96,19.11,21662642.0,1132864,65536
20191113,19.17,19.23,18.5,18.67,18191788.0,971900,65536
20191114,18.81,19.2,18.67,19.02,16860100.0,887705,65536
20191115,19.1,19.24,18.61,18.62,15819992.0,840253,65536
20191118,18.63,19.08,18.63,18.83,16412563.0,869664,65536
20191119,18.81,19.55,18.8,19.36,21904092.0,1134872,65536
20191120,19.38,19.58,19.02,19.03,15921269.0,829748,65536
20191121,19.03,19.03,18.74,18.79,14152209.0,752005,65536
20191122,18.8,19.33,18.8,18.92,24616564.0,1289345,65536
20191125,18.9,19.38,18.8,19.22,20359668.0,1064092,65536
20191126,19.26,19.3,18.93,18.99,12018323.0,630995,65536
20191127,18.98,19.02,18.66,18.8,9507551.0,506000,65536
20191128,18.79,18.94,18.51,18.51,11601671.0,622235,65536
20191129,18.46,18.57,18.11,18.45,14094410.0,771040,65536
20191202,18.38,18.47,17.92,18.02,17275002.0,955350,65536
20191203,17.98,18.24,17.69,18.22,16634288.0,929460,65536
20191204,18.02,18.3,17.87,18.2,15514866.0,858050,65536
20191205,18.28,18.39,18.03,18.16,17358844.0,955170,65536
20191206,18.21,19.31,18.16,19.09,43817812.0,2334884,65536
20191209,19.05,19.32,18.85,19.2,30185526.0,1580885,65536
20191210,19.17,19.17,18.84,19.01,19704576.0,1036685,65536
20191211,19.01,19.09,18.6,18.7,19620904.0,1046395,65536
20191212,18.76,18.77,18.57,18.66,13903108.0,746090,65536
20191213,18.69,19.08,18.69,19.03,24774260.0,1308896,65536
20191216,19.1,19.76,19.09,19.6,36144268.0,1860996,65536
20191217,19.6,19.62,19.36,19.47,33560808.0,1722271,65536
20191218,19.4,19.64,19.38,19.61,24679864.0,1264049,65536
20191219,19.61,20.05,19.43,19.75,38154364.0,1936011,65536
20191220,19.89,19.89,19.25,19.35,25901044.0,1317954,65536
20191223,19.22,19.32,18.92,18.96,20061998.0,1047220,65536
20191224,18.91,19.4,18.91,19.28,15514061.0,810083,65536
20191225,19.58,19.58,19.11,19.18,17015828.0,883926,65536
20191226,19.17,19.33,19.02,19.29,16261735.0,849155,65536
20191227,19.31,19.47,19.0,19.04,24558648.0,1272149,65536
20191230,19.02,19.2,18.22,19.12,22155460.0,1178681,65536
20191231,19.09,19.45,19.04,19.24,14916969.0,774912,65536
20200102,19.34,19.64,19.34,19.57,23853744.0,1221627,65536
20200103,19.58,19.7,19.42,19.63,23477556.0,1200360,65536
20200106,19.46,19.78,19.46,19.64,29802540.0,1517212,65536
20200107,19.77,20.13,19.61,20.13,44418140.0,2228055,65536
20200108,19.97,20.09,19.53,19.56,41084480.0,2070565,65536
20200109,19.7,19.93,19.7,19.88,20674320.0,1042566,65536
20200110,19.99,20.05,19.76,19.9,18000384.0,905900,65536
20200113,19.86,20.11,19.62,20.11,27320692.0,1372989,65536
20200114,20.12,22.12,20.12,22.12,128083440.0,5937338,65536
20200115,22.2,24.28,22.0,22.71,200540064.0,8728641,65536
20200116,22.22,22.53,21.5,21.71,115636152.0,5280245,65536
20200117,21.73,21.87,21.3,21.38,53855808.0,2493965,65536
20200120,21.61,21.61,20.48,21.0,73022864.0,3499541,65536
20200121,20.96,21.85,20.6,21.5,61797384.0,2928664,65536
20200122,21.49,21.49,20.74,20.75,43698148.0,2085377,65536
20200123,20.83,21.06,19.8,20.04,39129632.0,1920170,65536
20200203,18.04,18.57,18.04,18.1,54848316.0,3031115,65536
20200204,18.18,19.85,18.18,19.54,61330916.0,3181546,65536
20200205,19.55,21.25,19.1,20.71,67788768.0,3311787,65536
20200206,21.23,22.78,20.71,22.33,129176656.0,5889436,65536
20200207,23.3,24.56,22.35,23.21,166704048.0,7148795,65536
20200210,23.5,25.53,23.23,25.4,207597568.0,8535323,65536
20200211,24.9,24.9,22.86,22.86,144742784.0,6216230,65536
20200212,22.86,23.04,21.84,22.85,89281280.0,3982755,65536
20200213,22.52,22.8,21.8,22.3,58132344.0,2599871,65536
20200214,22.4,22.72,21.93,22.18,46996248.0,2118014,65536
20200217,22.25,23.42,22.08,23.39,97429360.0,4282507,65536
20200218,23.1,24.22,22.91,24.22,110322824.0,4686655,65536
20200219,24.0,24.4,23.5,23.93,74959656.0,3122336,65536
20200220,24.26,26.32,24.26,26.32,129423600.0,4982943,65536
20200221,28.49,28.95,26.85,28.95,247668048.0,8630438,65536
20200224,31.85,31.85,31.85,31.85,24487236.0,768830,65536
20200225,35.04,35.04,33.01,35.04,220805936.0,6325139,65536
20200226,37.88,38.54,32.96,35.59,408234240.0,11309424,65536
20200227,34.74,39.15,33.18,39.15,389415648.0,10374265,65536
20200228,39.21,43.07,37.21,43.07,509798528.0,12436248,65536
20200302,43.6,46.88,38.88,40.99,584907008.0,13498098,65536
20200303,38.99,44.69,38.01,42.09,426804640.0,10547879,65536
20200304,41.88,46.3,41.02,46.3,407492000.0,9065698,65536
20200305,46.2,50.31,44.48,49.7,314651264.0,6597173,65536
20200306,47.74,53.68,46.62,53.0,269499648.0,5323928,65536
20200309,52.3,55.78,50.6,54.8,257979888.0,4783893,65536
20200310,51.23,54.0,49.32,49.32,245526160.0,4900325,65536
20200311,47.59,47.73,44.39,44.39,280319808.0,6186019,65536
20200312,43.33,45.49,41.76,43.61,155069872.0,3528940,65536
20200313,41.11,41.8,39.25,40.0,177759296.0,4485674,65536
20200316,40.46,42.99,38.9,39.09,155651312.0,3790525,65536
20200317,38.78,42.88,36.12,41.94,221248304.0,5522340,65536
20200318,43.0,46.08,42.05,45.58,236762784.0,5300702,65536
20200319,43.0,45.56,43.0,44.63,144505760.0,3264945,65536
20200320,44.63,48.84,44.63,46.07,151137104.0,3245786,65536
20200323,46.02,46.02,41.46,43.43,134213464.0,3118448,65536
20200324,44.4,44.79,39.18,42.7,158587536.0,3771470,65536
20200325,44.95,46.97,44.15,46.97,136712016.0,2944803,65536
20200326,49.31,51.0,47.15,49.0,191899232.0,3924506,65536
20200327,49.5,51.49,47.55,49.0,155024448.0,3167396,65536
20200330,48.18,50.29,44.66,48.7,124170272.0,2578066,65536
20200331,48.69,49.4,46.43,47.62,83459760.0,1737374,65536
20200401,47.7,47.7,45.82,46.1,52573536.0,1132770,65536
20200402,46.18,50.71,46.18,50.71,178472864.0,3594988,65536
20200403,51.88,55.78,49.96,55.42,263727424.0,4926715,65536
20200407,56.42,60.96,56.32,60.96,116674632.0,1964120,65536
20200408,64.03,67.06,60.6,66.4,281928480.0,4364053,65536
20200409,62.0,71.79,61.54,65.69,263961904.0,4009788,65536
20200410,67.0,67.0,60.5,62.3,171201648.0,2726059,65536
20200413,60.0,63.72,59.56,61.3,107506040.0,1739835,65536
20200414,62.24,63.8,60.79,62.5,125819008.0,2022350,65536
20200415,61.0,63.69,60.5,61.77,126460624.0,2045493,65536
20200416,62.5,62.5,59.27,60.85,105269632.0,1730945,65536
20200417,61.29,65.6,60.28,61.98,134347312.0,2133455,65536
20200420,61.5,68.18,60.0,68.18,194914144.0,2997336,65536
20200421,69.0,71.72,65.0,68.63,208036832.0,3049844,65536
20200422,65.89,75.49,65.89,75.49,241026176.0,3347528,65536
20200423,78.62,81.58,74.4,77.69,231978560.0,2980198,65536
20200424,77.38,77.63,70.41,71.64,184835264.0,2531489,65536
20200427,70.0,75.15,69.0,71.83,128170896.0,1769005,65536
20200428,71.0,77.77,65.91,77.1,170099328.0,2357648,65536
20200429,76.28,77.9,72.2,72.2,135516400.0,1823424,65536
20200430,70.38,74.37,66.51,68.35,173027232.0,2458937,65536
20200506,68.0,68.98,65.61,66.78,150296240.0,2251900,65536
20200507,68.1,73.46,65.14,73.46,189629440.0,2753028,65536
20200508,73.48,73.48,68.5,69.1,148627248.0,2110675,65536
20200511,69.6,71.0,66.1,68.26,130171080.0,1919340,65536
20200512,67.1,70.5,67.0,68.7,97557152.0,1419925,65536
20200513,67.81,75.5,67.81,72.7,264034880.0,3617450,65536
20200514,72.0,72.89,69.52,69.9,143103904.0,2025375,65536
20200515,70.97,71.09,67.51,70.64,94823208.0,1360305,65536
20200518,71.5,71.5,67.55,67.93,141378144.0,2057575,65536
20200519,67.5,69.1,66.5,67.55,94895424.0,1401925,65536
20200520,67.92,67.92,60.8,60.8,235930960.0,3798880,65536
20200521,57.53,60.29,54.74,55.0,237831568.0,4238045,65536
20200522,55.79,55.79,49.99,50.43,186537984.0,3574206,65536
20200525,50.43,51.55,48.0,48.25,147709984.0,2997015,65536
20200526,49.11,52.66,48.0,52.55,176074400.0,3448880,65536
20200527,52.1,52.25,49.14,50.02,129324576.0,2572075,65536
20200528,51.01,51.25,47.28,48.56,103795712.0,2130009,65536
20200529,49.58,51.38,48.59,50.15,131299920.0,2614995,65536
20200601,50.27,50.98,49.37,50.15,110681704.0,2201800,65536
20200602,49.89,50.5,48.66,49.4,117463360.0,2380576,65536
20200603,50.1,50.15,48.66,49.65,75239896.0,1524371,65536
20200604,49.55,49.78,48.86,49.09,60814696.0,1235560,65536
20200605,49.79,52.53,48.79,48.97,172789920.0,3438204,65536
20200608,49.63,49.63,44.1,45.0,237372240.0,5215407,65536
20200609,45.24,46.8,44.0,45.43,172109296.0,3796028,65536
20200610,46.99,46.99,44.38,44.54,124530016.0,2761071,65536
20200611,44.63,45.4,43.38,44.34,101733944.0,2280258,65536
20200612,43.74,45.83,43.03,43.86,131430496.0,2962311,65536
20200615,45.94,45.96,44.1,44.61,179349632.0,3994790,65536
20200616,44.89,44.89,43.48,44.3,179827312.0,4096792,65536
20200617,44.3,45.54,43.0,44.85,188697968.0,4224545,65536
20200618,44.22,46.14,43.9,44.44,200573536.0,4454616,65536
20200619,44.68,44.79,43.12,43.8,171355776.0,3929857,65536
20200622,43.62,44.1,43.45,43.5,98020248.0,2245000,65536
20200623,43.6,43.94,42.61,42.96,115015648.0,2674190,65536
20200624,43.0,43.0,40.98,41.8,149098368.0,3582110,65536
20200629,42.0,42.31,40.9,41.2,86499968.0,2091305,65536
20200630,40.13,41.59,39.68,40.89,130071552.0,3188700,65536
20200701,41.34,41.59,40.32,40.91,106913928.0,2624350,65536
20200702,41.33,41.47,40.32,40.62,119038880.0,2920845,65536
20200703,40.74,42.14,40.16,41.12,185916624.0,4510455,65536
20200706,41.31,42.38,40.58,42.03,263744064.0,6372609,65536
20200707,42.53,42.53,41.37,42.0,289452576.0,6897234,65536
20200708,42.27,42.93,41.51,42.76,271896000.0,6440797,65536
20200709,43.0,46.0,42.5,45.46,434800384.0,9796883,65536
20200710,45.19,47.87,44.35,47.48,457597440.0,9795495,65536
20200713,47.38,50.2,46.15,49.81,440494144.0,9052211,65536
20200714,50.07,54.74,48.77,54.7,531117952.0,10404181,65536
20200715,54.71,55.0,50.36,51.49,424606912.0,8014302,65536
20200716,50.0,51.0,46.34,46.34,304388800.0,6345500,65536
20200717,45.25,48.0,44.36,46.89,233271264.0,5043561,65536
20200720,47.63,47.63,45.5,46.12,230077008.0,4992768,65536
20200721,45.79,45.82,43.43,43.86,286747776.0,6450119,65536
20200722,43.78,44.88,43.31,44.17,164434496.0,3721292,65536
20200723,43.67,43.67,41.01,42.25,201833072.0,4759704,65536
20200724,42.0,43.03,39.78,40.43,147040608.0,3545284,65536
20200727,40.44,40.8,38.4,38.51,143103888.0,3650922,65536
20200728,38.51,39.79,38.21,39.36,109581096.0,2790370,65536
20200729,39.4,41.0,38.93,40.22,166485408.0,4140022,65536
20200730,40.0,40.56,39.1,39.26,138536608.0,3483150,65536
20200731,39.49,40.2,39.0,39.65,103371872.0,2613284,65536
20200803,40.32,41.15,39.91,41.15,157446496.0,3875287,65536
20200804,41.2,41.35,40.19,40.3,130352840.0,3214320,65536
20200805,40.34,40.76,39.68,40.5,94621712.0,2355084,65536
20200806,41.05,41.1,39.25,39.61,106756632.0,2683345,65536
20200807,40.1,40.39,38.91,39.31,91050984.0,2294730,65536
20200810,39.31,39.68,38.85,39.37,59019200.0,1497795,65536
20200811,39.34,39.88,38.39,38.63,80318832.0,2052435,65536
20200812,38.57,38.57,36.18,36.6,117089904.0,3180664,65536
20200813,36.75,38.38,36.75,37.32,94740600.0,2514755,65536
20200814,37.44,37.45,36.37,37.19,68226704.0,1852000,65536
20200817,37.23,38.17,37.05,37.94,89798480.0,2377827,65536
20200818,38.15,38.39,37.65,38.14,63653112.0,1670485,65536
20200819,38.2,38.97,38.09,38.25,97867520.0,2548900,65536
20200820,37.98,37.98,36.8,36.92,83673656.0,2254835,65536
20200821,37.0,37.4,36.5,36.67,63624280.0,1723750,65536
20200824,36.71,36.88,35.8,35.92,82624704.0,2291165,65536
20200825,35.96,36.25,34.96,35.09,88103952.0,2484411,65536
20200826,35.19,36.27,34.75,35.6,92776648.0,2606910,65536
20200827,35.8,35.89,34.97,35.64,70771072.0,1999850,65536
20200828,35.45,35.58,34.62,35.48,69372288.0,1977430,65536
20200831,35.79,36.22,35.38,35.43,78799888.0,2200450,65536
20200901,35.54,36.62,35.42,36.27,98342752.0,2723770,65536
20200902,36.2,36.2,35.5,35.67,71349808.0,2000793,65536
20200903,35.67,35.67,34.31,34.33,76085608.0,2187069,65536
20200904,33.9,33.94,33.1,33.8,51231660.0,1533345,65536
20200907,34.1,34.1,32.9,33.03,54314320.0,1628310,65536
20200908,33.19,33.19,32.05,32.66,57539220.0,1775340,65536
20200909,32.45,32.68,31.02,31.14,61500260.0,1938150,65536
20200910,31.48,31.52,29.11,29.44,71771664.0,2380174,65536
20200911,29.44,32.2,29.44,31.78,111634616.0,3579133,65536
20200914,31.78,32.45,31.07,32.04,73447320.0,2310904,65536
20200915,32.05,32.25,31.41,31.74,45386200.0,1432648,65536
20200916,31.75,32.85,31.55,31.89,59515544.0,1851699,65536
20200917,31.76,32.5,31.03,32.3,48509724.0,1521100,65536
20200918,32.35,33.2,31.99,32.6,58253244.0,1793274,65536
20200921,32.62,33.0,32.05,32.36,44164944.0,1364955,65536
20200922,31.73,32.72,31.45,31.75,48039496.0,1494791,65536
20200923,31.9,33.18,31.6,32.34,57233064.0,1766639,65536
20200924,32.12,32.7,31.23,31.32,45973192.0,1448661,65536
20200925,31.25,31.79,30.88,31.28,35250692.0,1127766,65536
20200928,31.18,31.41,30.21,30.24,30063744.0,978845,65536
20200929,30.48,31.65,30.11,31.3,57320420.0,1838460,65536
20200930,31.74,31.77,30.85,31.19,36053128.0,1155700,65536
20201009,31.65,32.48,31.35,32.29,54329368.0,1691605,65536
20201012,32.39,33.28,32.12,33.21,74268792.0,2254075,65536
20201013,33.22,33.37,32.4,32.62,52436052.0,1604740,65536
20201014,32.72,33.1,32.17,32.26,44210696.0,1356940,65536
20201015,32.7,32.7,31.99,32.1,29799408.0,925820,65536
20201016,32.06,32.7,32.0,32.3,26793864.0,829800,65536
20201019,32.2,32.8,31.68,31.75,37726684.0,1170800,65536
20201020,31.46,31.87,31.09,31.83,30124166.0,959100,65536
20201021,31.78,32.2,31.19,31.24,29551152.0,938150,65536
20201022,31.12,31.51,30.6,30.81,22110728.0,717469,65536
20201023,30.75,31.1,30.45,30.49,23568152.0,766021,65536
20201026,30.35,30.36,29.75,30.25,22364648.0,743100,65536
20201027,30.0,30.48,29.99,30.23,16674348.0,552500,65536
20201028,30.08,30.36,29.43,29.73,25907624.0,871400,65536
20201029,29.43,29.43,28.87,29.15,32180242.0,1103029,65536
20201030,29.33,29.33,27.6,27.61,46304736.0,1638280,65536
20201102,27.65,28.65,27.65,28.2,34272664.0,1213215,65536
20201103,28.37,28.75,27.9,28.63,27735040.0,973735,65536
20201104,28.45,28.74,27.98,28.61,26041524.0,916825,65536
20201105,28.83,28.98,28.6,28.9,22942396.0,796189,65536
20201106,28.95,28.95,28.15,28.38,24430390.0,859627,65536
20201109,28.31,30.42,28.16,30.0,73079456.0,2472632,65536
20201110,30.2,30.2,28.89,29.09,58153460.0,1975055,65536
20201111,29.12,29.27,28.6,28.75,35032716.0,1216572,65536
20201112,28.9,28.9,28.28,28.39,19401378.0,680872,65536
20201113,28.46,28.55,28.06,28.39,15711543.0,554800,65536
20201116,28.5,29.1,28.31,29.09,23414284.0,814350,65536
20201117,29.0,29.09,27.7,27.88,38977872.0,1385604,65536
20201118,27.88,28.09,27.6,27.79,22596438.0,812790,65536
20201119,27.77,27.77,27.13,27.63,27693706.0,1010357,65536
20201120,27.61,27.8,27.4,27.63,21994744.0,797581,65536
20201123,27.71,28.28,27.29,27.45,48403288.0,1747181,65536
20201124,27.33,27.39,26.75,27.0,33077124.0,1225680,65536
20201125,27.05,27.19,26.79,26.85,27173442.0,1007570,65536
20201126,26.85,26.91,26.3,26.44,26966484.0,1017081,65536
20201127,26.3,26.46,26.12,26.25,25690796.0,978420,65536
20201130,26.46,26.97,26.11,26.57,36529152.0,1375234,65536
20201201,26.46,27.59,26.31,27.15,47361344.0,1750590,65536
20201202,27.23,27.56,26.88,27.47,41638696.0,1523210,65536
20201203,27.45,27.6,27.11,27.38,27108888.0,991234,65536
20201204,27.38,27.52,26.92,27.36,24710076.0,908754,65536
20201207,27.32,27.65,27.02,27.47,29096468.0,1064610,65536
20201208,27.49,27.49,26.76,26.86,26760920.0,990435,65536
20201209,26.93,26.95,25.9,26.09,29086076.0,1104155,65536
20201210,26.0,26.08,25.53,25.75,19050804.0,738705,65536
20201211,25.66,26.22,24.65,25.11,30747184.0,1223808,65536
20201214,25.11,27.62,25.07,27.62,66736964.0,2495470,65536
20201215,27.92,28.33,27.1,27.92,107506368.0,3871561,65536
20201216,27.48,28.75,27.37,28.09,99465112.0,3537925,65536
20201217,27.51,27.99,27.38,27.79,59514072.0,2152039,65536
20201218,27.51,27.76,27.04,27.23,44677892.0,1635095,65536
20201221,27.27,28.36,27.23,27.75,54501576.0,1958332,65536
20201222,28.0,29.88,27.48,29.21,171972768.0,5942540,65536
20201223,28.97,29.16,28.31,29.05,83010368.0,2895656,65536
20201224,28.81,29.0,27.8,28.07,64139612.0,2272970,65536
20201225,28.1,28.69,27.9,28.13,46079496.0,1630010,65536
20201228,27.84,27.9,27.22,27.33,45491284.0,1656147,65536
20201229,27.08,27.08,24.6,25.12,94645536.0,3731821,65536
20201230,24.88,25.27,24.48,25.14,40586060.0,1629705,65536
20201231,25.18,25.38,24.9,25.18,32963592.0,1309275,65536
20210104,25.32,25.53,25.02,25.35,30440252.0,1200600,65536
20210105,25.35,25.38,24.21,24.4,56220192.0,2289295,65536
20210106,24.27,25.52,23.72,24.93,66044984.0,2694920,65536
20210107,24.87,24.87,23.59,23.65,41457000.0,1730700,65536
20210108,23.64,23.64,22.47,23.08,32124084.0,1395805,65536
20210111,23.08,23.32,22.55,22.69,25167918.0,1101813,65536
20210112,22.61,23.08,22.5,22.78,16381858.0,718174,65536
20210113,22.75,22.81,22.02,22.22,29817858.0,1340482,65536
20210114,22.22,22.79,21.8,22.73,28529252.0,1275417,65536
20210115,22.73,23.28,22.62,23.09,29986660.0,1298474,65536
20210118,23.24,23.55,23.11,23.18,21144912.0,908395,65536
20210119,23.1,23.68,22.85,23.43,24176080.0,1036848,65536
20210120,23.42,24.12,23.31,23.36,23171210.0,982267,65536
20210121,23.35,23.68,22.95,23.5,29376306.0,1257230,65536
20210122,23.6,23.67,23.05,23.11,19227152.0,827300,65536
20210125,23.0,23.0,22.2,22.3,24459568.0,1089345,65536
20210126,22.11,22.5,21.97,22.04,15519290.0,697890,65536
20210127,22.3,22.57,21.92,22.2,15534602.0,699785,65536
20210128,22.05,22.51,21.92,22.25,18209356.0,814340,65536
20210129,22.27,22.41,21.15,21.44,22840154.0,1060110,65536
20210201,21.4,21.71,21.2,21.41,13198007.0,618070,65536
20210202,21.3,21.62,21.16,21.39,13100468.0,613145,65536
20210203,21.21,21.3,20.56,20.61,17238988.0,825811,65536
20210204,20.52,20.88,20.0,20.2,19145088.0,939500,65536
20210205,20.34,20.8,20.23,20.29,16878424.0,821700,65536
20210208,20.3,20.8,20.13,20.78,15554749.0,759700,65536
20210209,20.83,20.84,20.35,20.67,15703528.0,760013,65536
20210210,20.68,21.05,20.63,20.72,13366427.0,642695,65536
20210218,20.91,21.49,20.91,21.33,18952518.0,891108,65536
20210219,21.33,22.22,21.11,22.11,28681292.0,1316014,65536
20210222,22.31,23.27,22.15,22.62,52225368.0,2290791,65536
20210223,22.65,22.69,21.9,22.19,30285070.0,1362235,65536
20210224,22.08,22.58,22.05,22.23,21330388.0,957075,65536
20210225,22.23,22.39,21.97,22.08,15901181.0,717500,65536
20210226,22.0,23.06,21.82,22.94,51572324.0,2264708,65536
20210301,22.98,23.76,22.71,22.98,41466488.0,1794700,65536
20210302,23.03,23.61,22.8,23.6,60183640.0,2575500,65536
20210303,23.55,23.55,22.65,23.01,49828672.0,2170300,65536
20210304,22.79,23.32,22.68,22.72,31002900.0,1351965,65536
20210305,22.68,22.97,22.6,22.82,24705930.0,1085065,65536
20210308,22.72,23.23,22.67,22.67,29754404.0,1297200,65536
20210309,22.5,22.5,21.49,21.53,49688216.0,2270935,65536
20210310,21.53,21.8,20.94,21.03,21888570.0,1027285,65536
20210311,21.0,21.5,20.81,21.43,15094358.0,710100,65536
20210312,21.43,22.05,21.18,21.9,26532240.0,1220420,65536
20210315,21.9,22.39,21.7,22.11,22626092.0,1025235,65536
20210316,22.03,24.32,22.03,24.32,64452560.0,2759027,65536
20210317,25.01,26.75,24.8,25.26,220826448.0,8623900,65536
20210318,24.72,25.96,24.5,25.27,144028944.0,5744226,65536
20210319,24.76,27.6,24.75,26.8,201466688.0,7632844,65536
20210322,26.7,29.48,26.1,29.48,224987072.0,8125942,65536
20210323,29.2,32.12,28.0,28.31,324266560.0,10843123,65536
20210324,27.78,29.46,26.91,28.66,206197264.0,7288397,65536
20210325,28.0,28.0,26.22,26.43,154958256.0,5761764,65536
20210326,26.43,27.08,26.26,26.56,95368984.0,3576951,65536
20210329,26.64,27.68,25.8,26.25,129104568.0,4826492,65536
20210330,25.53,26.47,25.0,25.57,106579176.0,4201623,65536
20210331,25.67,26.81,25.36,26.73,128541560.0,4915179,65536
20210401,26.33,26.41,25.54,25.58,88879272.0,3443253,65536
20210402,25.65,26.37,25.6,25.74,60474928.0,2334307,65536
20210406,25.5,26.68,25.23,26.35,81619392.0,3113921,65536
20210407,26.15,27.57,26.06,27.45,128252256.0,4737746,65536
20210408,27.5,27.55,26.4,26.67,84466720.0,3162281,65536
20210409,26.42,26.64,26.1,26.1,43717444.0,1665980,65536
20210412,26.16,26.42,24.42,24.45,71497744.0,2843791,65536
20210413,24.52,25.09,23.85,24.75,48454712.0,1981630,65536
20210414,24.86,25.17,24.25,24.43,31896224.0,1304000,65536
20210415,24.43,24.43,23.7,23.86,36045088.0,1505900,65536
20210416,23.88,24.96,23.88,24.64,40335056.0,1648400,65536
20210419,25.1,25.21,24.68,24.81,37359404.0,1500635,65536
20210420,24.96,24.96,24.35,24.43,35989680.0,1466062,65536
20210421,24.28,24.88,24.28,24.57,31106122.0,1264000,65536
20210422,24.53,24.78,24.16,24.2,28953508.0,1191150,65536
20210423,23.23,23.53,22.54,22.81,69662512.0,3044328,65536
20210426,22.88,23.07,22.5,22.63,26179832.0,1148100,65536
20210427,22.7,22.7,22.12,22.42,29662080.0,1331099,65536
20210428,22.43,22.79,22.22,22.36,21057436.0,937715,65536
20210429,22.2,22.59,22.02,22.04,21352068.0,958500,65536
20210430,22.11,22.16,21.38,21.86,22448920.0,1031800,65536
20210506,22.08,22.17,21.53,22.1,17398976.0,789710,65536
20210507,22.0,22.62,21.9,22.51,25694300.0,1149935,65536
20210510,22.4,22.49,22.01,22.31,16356496.0,735958,65536
20210511,22.31,22.46,22.12,22.27,20237100.0,908408,65536
20210512,22.32,22.49,21.77,22.05,19923140.0,907168,65536
20210513,22.0,22.28,21.6,21.88,15645984.0,710500,65536
20210514,21.99,22.97,21.99,22.8,42335084.0,1867400,65536
20210517,22.62,22.74,22.25,22.39,26853636.0,1198900,65536
20210518,22.08,22.38,22.08,22.22,16011210.0,722100,65536
20210519,22.35,22.6,22.1,22.51,20460814.0,913148,65536
20210520,22.28,22.38,22.05,22.12,18036636.0,814670,65536
20210521,22.16,22.34,22.0,22.05,12988153.0,586543,65536
20210524,22.06,22.24,21.94,22.04,14162517.0,642328,65536
20210525,22.04,22.05,21.72,21.84,22464122.0,1030239,65536
20210526,21.8,22.33,21.72,22.21,21045204.0,952185,65536
20210527,22.3,23.28,22.22,23.18,55977128.0,2447048,65536
20210528,22.99,23.17,22.5,22.56,32066018.0,1408050,65536
20210531,22.45,22.97,22.41,22.89,18231784.0,800425,65536
20210601,22.93,23.32,22.72,23.12,25616476.0,1110435,65536
20210602,23.1,23.35,22.81,22.86,26230928.0,1138419,65536
20210603,22.86,23.5,22.73,23.21,34169880.0,1476470,65536
20210604,23.23,23.23,22.86,22.91,22954388.0,999948,65536
20210607,22.91,23.16,22.82,22.85,15085318.0,657600,65536
20210608,22.85,22.95,22.66,22.71,15883393.0,697800,65536
20210609,22.91,23.45,22.83,23.4,44096372.0,1892270,65536
20210610,23.38,23.38,23.05,23.24,24465332.0,1056710,65536
20210611,23.13,23.5,23.09,23.19,24603052.0,1056925,65536
20210615,23.17,23.23,22.75,22.99,16805940.0,732875,65536
20210616,22.99,23.37,22.84,23.18,19869708.0,859345,65536
20210617,18.36,18.8,18.28,18.6,15541085.0,835820,65536
20210618,18.4,18.45,17.5,18.01,26997548.0,1504072,65536
20210621,18.0,18.3,17.76,17.91,15934512.0,887835,65536
20210622,17.96,18.19,17.9,18.16,14828718.0,820375,65536
20210623,18.17,18.5,18.08,18.3,18733444.0,1020987,65536
20210624,18.35,18.4,18.05,18.08,14508560.0,799975,65536
20210625,18.07,18.08,17.66,17.77,22628020.0,1272726,65536
20210628,17.8,17.88,17.46,17.6,21473184.0,1223050,65536
20210629,17.6,17.7,17.32,17.32,17581396.0,1009037,65536
20210630,17.32,17.49,17.25,17.47,11715467.0,674420,65536
20210701,17.5,17.62,17.35,17.35,12531687.0,716106,65536
20210702,17.32,17.45,17.01,17.09,12880613.0,753200,65536
20210705,17.1,17.39,17.0,17.37,10466435.0,608049,65536
20210706,17.37,17.67,17.23,17.43,10281536.0,589376,65536
20210707,17.44,17.53,17.32,17.43,8471551.0,486300,65536
20210708,17.34,17.47,17.15,17.18,10678930.0,620025,65536
20210709,17.01,17.36,17.0,17.17,8899426.0,518475,65536
20210712,17.28,17.36,17.07,17.25,11306438.0,656425,65536
20210713,17.18,17.37,17.06,17.33,12857518.0,747500,65536
20210714,17.33,17.44,17.11,17.16,11288156.0,653525,65536
20210715,17.16,17.35,16.9,17.15,20070656.0,1171239,65536
20210716,17.1,17.25,16.93,16.94,12415055.0,730250,65536
20210719,16.91,16.93,16.23,16.47,16547804.0,1007000,65536
20210720,16.47,16.47,16.32,16.41,6000088.0,365800,65536
20210721,16.51,18.05,16.42,18.05,50641692.0,2857331,65536
20210722,18.45,18.5,17.61,17.78,71500192.0,3973126,65536
20210723,17.49,17.71,17.21,17.5,42795276.0,2461139,65536
20210726,17.35,19.18,17.29,18.68,126657472.0,6846818,65536
20210727,18.5,19.1,18.3,18.69,96101712.0,5134234,65536
20210728,18.59,18.68,17.0,18.3,57909688.0,3212197,65536
20210729,18.69,19.03,18.0,18.96,87550048.0,4706967,65536
20210730,18.9,19.77,18.67,19.62,110417304.0,5705176,65536
20210802,19.7,19.85,18.88,19.14,77950736.0,4063906,65536
20210803,19.11,19.11,18.32,18.4,63782392.0,3435052,65536
20210804,18.32,18.68,18.22,18.59,38575824.0,2093175,65536
20210805,18.57,19.32,18.54,18.61,42766668.0,2271113,65536
20210806,18.36,18.62,18.09,18.52,41042880.0,2244585,65536
20210809,18.59,18.59,18.19,18.33,28115636.0,1537163,65536
20210810,18.27,18.48,18.22,18.31,26614720.0,1452350,65536
20210811,18.29,18.45,17.57,17.61,52382304.0,2913876,65536
20210812,17.61,17.85,17.46,17.69,33085700.0,1878400,65536
20210813,17.66,18.1,17.25,18.06,48096088.0,2725936,65536
20210816,18.06,18.9,17.96,18.56,80249264.0,4342879,65536
20210817,18.55,18.67,17.57,17.65,54301312.0,2999910,65536
20210818,17.58,17.9,17.36,17.66,26244380.0,1492528,65536
20210819,17.5,19.2,17.27,18.9,105175352.0,5680321,65536
20210820,18.49,18.7,18.03,18.36,55470700.0,3029514,65536
20210823,18.42,18.66,18.23,18.45,48507556.0,2633575,65536
20210824,18.66,19.0,18.35,18.74,48258448.0,2586325,65536
20210825,18.53,19.09,18.43,18.94,52133888.0,2764548,65536
20210826,18.94,18.94,18.35,18.38,43801064.0,2358173,65536
20210827,18.27,18.48,17.8,18.04,33482298.0,1850345,65536
20210830,18.0,18.17,17.58,17.78,25040298.0,1403217,65536
20210831,17.9,19.0,17.9,18.65,61324552.0,3293726,65536
20210901,18.43,19.28,18.22,19.2,93910160.0,4969963,65536
20210902,19.18,19.2,18.79,18.97,47516060.0,2506887,65536
20210903,19.07,19.24,18.8,19.07,44842688.0,2362538,65536
20210906,19.02,19.8,19.02,19.59,75664064.0,3895401,65536
20210907,19.38,19.75,19.3,19.5,46810568.0,2401575,65536
20210908,19.6,20.1,19.53,19.78,57834244.0,2921944,65536
20210909,19.99,20.99,19.58,20.71,94912952.0,4671100,65536
20210910,20.7,20.8,20.06,20.47,64550756.0,3159400,65536
20210913,20.55,21.17,20.25,20.99,65123700.0,3142243,65536
20210914,20.9,21.07,19.74,19.9,76220888.0,3745881,65536
20210915,20.0,20.48,19.7,19.91,42912164.0,2135250,65536
20210916,19.9,20.34,19.52,19.56,33699916.0,1703619,65536
20210917,19.55,19.94,19.34,19.89,31971822.0,1626775,65536
20210922,19.58,20.5,19.56,20.3,42891964.0,2131457,65536
20210923,20.3,22.33,20.07,22.33,135046960.0,6254616,65536
20210924,22.9,24.2,21.82,23.6,237101984.0,10255448,65536
20210927,23.18,24.21,22.6,24.21,196794928.0,8352124,65536
20210928,23.49,23.73,22.61,23.12,129685560.0,5611711,65536
20210929,22.15,25.0,22.15,23.06,145093696.0,6125321,65536
20210930,23.41,24.0,22.37,23.05,115884064.0,4972013,65536
20211008,23.8,23.85,22.63,23.08,68743888.0,2990463,65536
20211011,23.06,23.09,21.06,21.2,101486704.0,4700526,65536
20211012,21.2,21.39,20.2,20.68,66621732.0,3224662,65536
20211013,20.75,21.28,20.51,20.87,43604424.0,2090584,65536
20211014,20.99,21.2,20.34,21.06,38263096.0,1836425,65536
20211015,21.08,21.19,20.65,21.1,28070700.0,1341428,65536
20211018,21.3,21.42,20.88,21.38,44462324.0,2093628,65536
20211019,20.99,21.28,20.69,21.02,35689620.0,1697229,65536
20211020,21.02,21.03,20.0,20.09,48379520.0,2383438,65536
20211021,20.05,20.5,19.8,20.3,28762600.0,1420609,65536
20211022,20.24,20.29,19.65,19.76,27188314.0,1363275,65536
20211025,19.62,20.3,19.61,19.95,21330440.0,1067663,65536
20211026,19.91,20.27,19.85,20.0,15791957.0,788000,65536
20211027,19.91,20.67,19.51,20.65,49703140.0,2445887,65536
20211028,20.37,21.12,19.63,19.8,47516956.0,2365188,65536
20211029,19.66,19.79,18.28,18.9,41574448.0,2208144,65536
20211101,18.81,19.2,18.54,19.05,18745288.0,988075,65536
20211102,18.91,19.05,18.25,18.33,24156548.0,1297975,65536
20211103,18.3,19.38,18.26,19.22,28223600.0,1487313,65536
20211104,19.38,19.5,19.06,19.26,16851824.0,876696,65536
20211105,19.33,19.5,19.08,19.3,13439276.0,697829,65536
20211108,19.3,20.78,19.1,20.63,72136352.0,3527660,65536
20211109,20.5,20.74,20.22,20.58,35190680.0,1722210,65536
20211110,20.28,21.27,20.08,21.23,61910516.0,2975033,65536
20211111,21.1,22.22,21.06,21.89,78524776.0,3608306,65536
20211112,22.04,22.51,21.28,21.53,84827848.0,3887217,65536
20211115,21.52,22.48,21.13,22.29,73374504.0,3327450,65536
20211116,22.29,22.85,22.0,22.45,51907712.0,2318819,65536
20211117,22.45,22.65,22.1,22.29,38593468.0,1727119,65536
20211118,22.0,22.17,21.49,21.61,67582504.0,3107231,65536
20211119,21.6,22.48,21.36,22.17,49469728.0,2234217,65536
20211122,22.21,22.35,21.6,21.83,41305412.0,1888662,65536
20211123,21.69,22.1,21.39,21.82,33937328.0,1561780,65536
20211124,21.82,21.82,21.14,21.25,39278324.0,1840470,65536
20211125,21.45,21.6,21.13,21.29,22803790.0,1065463,65536
20211126,21.3,21.87,20.95,21.66,41653140.0,1932850,65536
20211129,21.7,23.83,21.68,23.83,80936624.0,3478637,65536
20211130,25.04,26.21,23.75,24.59,387166528.0,15447332,65536
20211201,24.22,26.68,24.01,25.14,289537824.0,11577237,65536
20211202,24.81,25.4,24.15,24.2,138256000.0,5613944,65536
20211203,24.35,24.6,23.39,23.47,128148248.0,5400875,65536
20211206,23.52,23.66,22.77,22.9,76558704.0,3329325,65536
20211207,22.88,22.91,21.93,22.05,57491912.0,2585305,65536
20211208,22.07,22.39,21.97,22.06,46420392.0,2097250,65536
20211209,22.06,22.22,21.84,21.93,49169688.0,2237525,65536
20211210,21.86,22.43,21.82,22.03,52937732.0,2388857,65536
20211213,22.14,22.28,21.65,21.75,37020700.0,1696743,65536
20211214,21.7,22.63,21.47,22.35,66033232.0,2983683,65536
20211215,22.4,22.47,22.02,22.33,45629544.0,2048300,65536
20211216,22.74,23.85,22.21,23.25,99141392.0,4319196,65536
20211217,23.13,23.64,22.41,22.41,63019568.0,2752711,65536
20211220,22.03,22.77,21.83,22.51,51166412.0,2288800,65536
20211221,22.67,22.75,22.08,22.14,46598164.0,2091826,65536
20211222,22.1,23.35,21.38,23.22,108647728.0,4819330,65536
20211223,23.01,23.82,22.68,23.08,86519720.0,3723174,65536
20211224,22.98,23.68,22.91,23.28,73566968.0,3154276,65536
20211227,23.65,23.65,22.51,22.52,56376952.0,2471306,65536
20211228,22.66,22.86,22.18,22.8,33461848.0,1487094,65536
20211229,22.78,23.35,22.57,22.91,37024432.0,1608939,65536
20211230,22.8,23.06,22.65,22.79,32364896.0,1416180,65536
20211231,22.65,23.24,22.52,22.95,38718636.0,1686877,65536
20220104,23.16,23.3,22.71,22.74,40922880.0,1781025,65536
20220105,22.67,22.93,21.81,22.14,46131400.0,2076600,65536
20220106,22.08,24.35,21.99,24.35,129306176.0,5443075,65536
20220107,24.37,24.49,23.46,23.46,136001776.0,5707832,65536
20220110,23.49,24.9,23.25,23.91,134332064.0,5552170,65536
20220111,23.99,25.2,23.69,23.92,127547864.0,5265800,65536
20220112,23.98,24.31,23.35,23.55,72980592.0,3095844,65536
20220113,23.46,23.55,22.75,22.84,61686328.0,2683408,65536
20220114,22.93,23.58,22.51,23.28,79994944.0,3440596,65536
20220117,23.0,24.74,22.1,24.15,169630192.0,7141250,65536
20220118,24.21,24.21,22.7,22.76,89678992.0,3850625,65536
20220119,22.87,24.5,22.45,24.0,116236008.0,4937363,65536
20220120,24.81,24.86,22.94,23.0,147706144.0,6239013,65536
20220121,22.88,22.88,21.0,21.33,116848392.0,5428325,65536
20220124,21.48,21.87,20.3,20.46,53469552.0,2587825,65536
20220125,20.37,20.87,19.83,20.0,49382000.0,2440075,65536
20220126,19.9,20.38,19.75,19.88,26337814.0,1319225,65536
20220127,19.9,20.05,19.05,19.2,37244824.0,1918659,65536
20220128,19.2,19.96,19.2,19.7,24568810.0,1251275,65536
20220207,19.95,20.35,19.83,20.17,28943728.0,1439925,65536
20220208,20.22,20.43,20.05,20.31,23424152.0,1156075,65536
20220209,20.28,20.46,20.1,20.38,22238812.0,1093800,65536
20220210,20.54,21.37,20.51,20.91,54036372.0,2597972,65536
20220211,20.6,20.97,20.5,20.55,31028276.0,1500025,65536
20220214,20.5,20.6,20.08,20.22,22328320.0,1099400,65536
20220215,20.22,20.49,19.85,20.3,22535360.0,1120000,65536
20220216,20.32,21.35,20.2,21.28,59357264.0,2822500,65536
20220217,21.42,22.23,21.03,21.37,59773496.0,2753725,65536
20220218,21.3,21.7,21.2,21.51,31399294.0,1466175,65536
20220221,21.6,21.61,21.12,21.4,22751500.0,1066656,65536
20220222,21.1,21.36,20.93,21.01,25311052.0,1200225,65536
20220223,20.73,22.19,20.73,22.08,69687320.0,3201425,65536
20220224,21.99,22.38,21.05,21.29,55095652.0,2543200,65536
20220225,21.53,21.96,21.03,21.19,28309422.0,1330250,65536
20220228,21.16,21.56,20.75,21.54,47668348.0,2250879,65536
20220301,21.55,21.6,21.2,21.37,19759190.0,925350,65536
20220302,21.2,21.5,20.96,21.45,19000464.0,894250,65536
20220303,21.5,21.52,20.81,20.93,24052408.0,1143525,65536
20220304,20.93,21.01,20.5,20.56,25591796.0,1235812,65536
20220307,20.41,20.65,20.03,20.11,22355164.0,1101975,65536
20220308,20.11,20.35,19.7,20.0,27532292.0,1373087,65536
20220309,20.09,20.65,19.4,20.6,49811144.0,2453806,65536
20220310,20.95,21.0,20.27,20.36,24073344.0,1171229,65536
20220311,20.37,22.4,20.37,21.78,158228992.0,7207666,65536
20220314,21.3,23.5,20.82,23.15,228025488.0,10416729,65536
20220315,21.9,22.47,21.57,21.57,115711152.0,5262209,65536
20220316,21.81,21.95,20.37,21.35,85701944.0,4051186,65536
20220317,21.46,21.98,21.11,21.4,87790248.0,4081463,65536
20220318,21.9,21.9,20.97,21.15,65952128.0,3095350,65536
20220321,20.9,21.5,20.67,21.28,55710004.0,2638921,65536
20220322,20.51,20.9,19.7,19.94,92806512.0,4623631,65536
20220323,19.86,20.17,19.55,20.08,41790824.0,2093363,65536
20220324,19.95,19.99,19.6,19.79,23081604.0,1168981,65536
20220325,19.65,20.45,19.65,20.01,29462872.0,1470919,65536
20220328,20.3,21.49,20.0,20.75,81578824.0,3928989,65536
20220329,20.81,20.9,20.0,20.28,47151000.0,2320800,65536
20220330,20.28,20.91,20.04,20.63,41038696.0,2001700,65536
20220331,21.0,22.69,21.0,21.35,119397168.0,5463494,65536
20220401,21.4,21.77,20.5,20.7,73187600.0,3473894,65536
20220406,20.78,22.77,20.78,22.77,191439856.0,8537544,65536
20220407,22.46,23.42,22.25,22.3,216114752.0,9480507,65536
20220408,22.49,22.7,21.4,21.78,115590016.0,5308513,65536
20220411,21.8,22.97,21.6,22.06,117838592.0,5311925,65536
20220412,21.73,22.66,21.38,22.34,108660672.0,4930684,65536
20220413,22.15,22.17,21.5,21.75,71627264.0,3291100,65536
20220414,21.7,22.48,21.4,21.88,83285088.0,3781000,65536
20220415,21.81,21.84,20.0,20.1,107432424.0,5177084,65536
20220418,20.27,22.11,20.05,22.11,92661624.0,4343519,65536
20220419,22.79,23.77,22.61,23.31,216185520.0,9358146,65536
20220420,23.35,23.48,22.47,22.71,141942608.0,6195781,65536
20220421,22.6,23.33,21.9,22.32,131992432.0,5865112,65536
20220422,22.43,22.5,20.78,21.49,102620160.0,4812725,65536
20220425,20.5,21.52,19.8,19.86,90627328.0,4422576,65536
20220426,19.87,20.5,17.87,17.88,105815376.0,5631862,65536
20220427,17.45,18.14,16.61,18.06,62149212.0,3550262,65536
20220428,17.93,17.95,16.83,17.16,49307060.0,2849075,65536
20220429,17.31,18.38,17.25,18.09,55530824.0,3092150,65536
20220505,18.33,18.75,18.01,18.65,44320852.0,2395937,65536
20220506,18.28,18.48,17.5,18.36,27470402.0,1505825,65536
20220509,18.6,19.43,18.55,18.73,38709456.0,2048363,65536
20220510,18.43,20.6,18.43,20.6,75218880.0,3802037,65536
20220511,20.78,22.08,20.37,20.8,136394208.0,6499562,65536
20220512,20.78,21.5,20.3,21.41,99469392.0,4723707,65536
20220513,21.4,21.6,21.1,21.38,62426088.0,2924475,65536
20220516,21.7,22.19,21.16,21.36,54686768.0,2549231,65536
20220517,21.68,22.77,21.46,21.55,108586168.0,4963307,65536
20220518,21.7,21.79,20.92,20.92,76466056.0,3589407,65536
20220519,21.0,21.27,20.67,21.0,50228752.0,2389325,65536
20220520,21.0,21.9,20.89,21.18,56371700.0,2646000,65536
20220523,21.19,21.55,21.03,21.2,36740988.0,1728655,65536
20220524,21.3,21.3,20.0,20.01,56870140.0,2764400,65536
20220525,20.26,20.48,19.92,20.26,33587048.0,1660451,65536
20220526,20.35,20.45,19.92,20.41,25092500.0,1240225,65536
20220527,20.41,20.65,20.05,20.36,31427452.0,1548675,65536
20220530,20.55,21.0,20.06,20.72,47136144.0,2280155,65536
20220531,20.7,21.2,20.52,21.11,52694364.0,2508809,65536
20220601,21.49,21.8,21.0,21.23,57609912.0,2692875,65536
20220602,21.12,21.29,20.8,20.88,35976560.0,1716094,65536
20220606,20.98,21.12,20.6,20.74,38402736.0,1853900,65536
20220607,20.83,20.95,20.35,20.49,35874092.0,1748175,65536
20220608,20.5,20.79,20.0,20.79,45753760.0,2235775,65536
20220609,15.1,15.2,14.5,14.58,40443080.0,2756680,65536
20220610,14.5,14.6,14.12,14.58,35372048.0,2460057,65536
20220613,14.56,14.56,14.25,14.48,27931268.0,1938546,65536
20220614,14.41,14.41,13.82,14.21,32737226.0,2319287,65536
20220615,14.24,14.82,14.2,14.46,42191372.0,2898063,65536
20220616,14.4,14.69,14.4,14.6,21845844.0,1500738,65536
20220617,14.57,14.57,14.21,14.33,23535614.0,1640199,65536
20220620,14.35,14.6,14.2,14.38,29097106.0,2024656,65536
20220621,14.4,14.4,14.09,14.27,23749272.0,1665751,65536
20220622,14.4,14.47,14.03,14.03,18661948.0,1320384,65536
20220623,14.11,14.25,13.89,14.13,31856062.0,2271659,65536
20220624,14.15,14.28,14.05,14.24,18806952.0,1322756,65536
20220627,14.24,14.47,14.18,14.23,19542192.0,1369756,65536
20220628,14.33,14.4,14.06,14.32,22308012.0,1558773,65536
20220629,14.37,14.37,14.08,14.13,23558696.0,1654759,65536
20220630,14.16,14.3,14.1,14.15,17709624.0,1248891,65536
20220701,14.28,14.65,14.2,14.62,43275928.0,2985467,65536
20220704,14.73,15.55,14.65,15.2,86952864.0,5734303,65536
20220705,15.12,15.55,15.12,15.3,57565684.0,3764529,65536
20220706,15.48,15.55,15.19,15.33,48178928.0,3137906,65536
20220707,16.26,16.45,15.56,15.92,163984176.0,10203780,65536
20220708,16.06,16.6,16.04,16.3,122455720.0,7481461,65536
20220711,16.3,16.56,16.02,16.41,94573352.0,5781765,65536
20220712,16.49,16.88,16.34,16.59,87340312.0,5246457,65536
20220713,16.6,16.71,16.39,16.55,54305344.0,3286050,65536
20220714,16.57,16.96,16.47,16.8,68776272.0,4115809,65536
20220715,16.89,17.56,16.62,17.21,73084416.0,4274177,65536
20220718,17.16,17.85,17.16,17.8,79419936.0,4482829,65536
20220719,17.89,18.82,17.7,18.58,98641008.0,5418535,65536
20220720,18.56,18.8,17.8,18.23,91418344.0,5067606,65536
20220721,18.0,18.75,17.98,18.14,75448728.0,4093390,65536
20220722,18.25,18.75,18.15,18.52,68576464.0,3708112,65536
20220725,18.7,19.0,17.97,18.19,79071496.0,4325557,65536
20220726,18.29,18.3,17.55,18.11,77750200.0,4352009,65536
20220727,18.16,18.89,18.16,18.58,60692408.0,3265692,65536
20220728,18.78,19.42,18.51,19.38,84807808.0,4409800,65536
20220729,19.38,19.67,19.01,19.26,76543152.0,3957729,65536
20220801,19.26,19.32,18.56,18.7,76700552.0,4078858,65536
20220802,18.53,18.64,16.85,17.11,148099440.0,8524232,65536
20220803,17.33,17.8,16.85,16.95,104626624.0,6040050,65536
20220804,16.94,17.36,16.55,16.85,79962368.0,4744328,65536
20220805,16.89,17.25,16.41,16.57,65343452.0,3947396,65536
20220808,16.51,16.89,16.27,16.57,50852920.0,3063010,65536
20220809,16.59,16.94,16.45,16.61,59422752.0,3560695,65536
20220810,16.77,16.77,16.17,16.22,55534504.0,3405333,65536
20220811,16.28,16.38,16.05,16.12,52315304.0,3235198,65536
20220812,16.21,16.45,16.03,16.08,59174280.0,3646216,65536
20220815,16.18,16.2,15.86,16.18,46797140.0,2918247,65536
20220816,16.13,16.36,16.07,16.28,48823080.0,3007870,65536
20220817,16.22,16.46,16.07,16.16,49681792.0,3066276,65536
20220818,16.2,16.47,16.14,16.39,63299692.0,3883402,65536
20220819,16.23,16.47,16.05,16.1,53454540.0,3305064,65536
20220822,16.09,16.35,16.05,16.33,42315804.0,2606661,65536
20220823,16.26,16.58,16.21,16.33,49933236.0,3053000,65536
20220824,16.48,16.75,15.88,15.94,73213696.0,4493175,65536
20220825,15.9,16.3,15.7,16.18,49909624.0,3102509,65536
20220826,16.18,17.14,16.09,16.59,101986848.0,6127249,65536
20220829,16.4,16.58,15.94,16.58,55960632.0,3415480,65536
20220830,16.6,16.97,16.34,16.75,58143468.0,3504520,65536
20220831,16.74,16.74,16.09,16.27,56084392.0,3436771,65536
20220901,16.26,16.42,16.01,16.1,35497096.0,2193791,65536
20220902,16.05,16.25,15.88,16.08,30558964.0,1906587,65536
20220905,16.08,16.35,15.92,16.06,37866424.0,2354773,65536
20220906,16.08,16.68,16.04,16.68,57046492.0,3473051,65536
20220907,16.6,18.09,16.42,17.75,140945328.0,8107520,65536
20220908,17.58,18.01,17.34,17.47,97393432.0,5547684,65536
20220909,17.39,17.75,17.3,17.6,57035816.0,3250141,65536
20220913,17.5,18.72,17.5,18.25,146700640.0,8036250,65536
20220914,18.16,18.87,18.0,18.82,109039528.0,5935252,65536
20220915,19.12,19.12,16.94,17.01,183561328.0,10540337,65536
20220916,16.8,18.07,16.7,17.48,134206736.0,7685037,65536
20220919,17.38,17.66,16.27,16.27,91380768.0,5490520,65536
20220920,16.51,17.2,16.48,16.68,80095512.0,4747230,65536
20220921,17.2,17.2,16.15,16.53,47185776.0,2859192,65536
20220922,16.52,16.8,16.4,16.61,49783588.0,3004826,65536
20220923,16.7,16.71,16.09,16.44,46073060.0,2812191,65536
20220926,16.3,16.39,15.66,15.7,66067196.0,4137980,65536
20220927,16.11,17.27,16.11,17.27,181340128.0,10652339,65536
20220928,17.84,19.0,17.39,17.65,317169440.0,17463643,65536
20220929,17.95,18.55,17.06,18.11,226186960.0,12735716,65536
20220930,17.79,18.19,17.54,17.65,112334192.0,6304503,65536
20221010,17.75,18.4,17.3,17.87,121855216.0,6793223,65536
20221011,17.9,18.77,17.61,18.62,141590176.0,7731782,65536
20221012,18.32,18.47,17.73,18.44,114081232.0,6280946,65536
20221013,18.23,20.28,18.2,20.28,174143536.0,8808702,65536
20221014,20.91,21.4,19.87,20.68,355234976.0,17262013,65536
20221017,20.23,20.61,19.93,20.43,206465632.0,10166279,65536
20221018,20.6,20.61,19.33,19.56,236294400.0,11973168,65536
20221019,19.55,21.21,19.37,20.58,335408000.0,16506867,65536
20221020,20.2,21.15,19.61,19.61,319196224.0,15686819,65536
20221021,19.81,20.4,19.65,19.95,154807136.0,7761522,65536
20221024,20.14,20.58,18.81,18.86,213873200.0,10940235,65536
20221025,18.8,19.44,18.27,18.85,143921984.0,7641391,65536
20221026,18.85,19.55,18.47,19.35,116523360.0,6055291,65536
20221027,19.27,20.22,19.12,19.77,170387856.0,8565267,65536
20221028,20.15,20.28,18.75,18.96,149303376.0,7707415,65536
20221031,19.1,19.69,18.28,18.61,114566784.0,6121956,65536
20221101,18.46,18.78,18.1,18.68,110614672.0,5975359,65536
20221102,18.81,20.19,17.6,20.18,259924416.0,13812020,65536
20221103,19.5,20.03,19.39,19.64,119831888.0,6108275,65536
20221104,19.8,20.18,19.5,19.92,116899760.0,5889184,65536
20221107,20.03,21.4,20.03,20.62,207232928.0,9936824,65536
20221108,20.53,20.62,19.78,20.24,101842224.0,5059066,65536
20221109,19.99,20.26,19.72,19.74,81172888.0,4076055,65536
20221110,19.62,20.08,18.96,19.2,106763720.0,5521731,65536
20221111,19.5,19.61,18.66,18.68,109731160.0,5759304,65536
20221114,18.57,19.03,18.45,18.58,80815992.0,4308085,65536
20221115,18.65,19.1,18.41,19.1,88541584.0,4719337,65536
20221116,19.5,19.5,18.55,18.65,88727872.0,4727806,65536
20221117,17.22,18.0,17.22,17.65,139586288.0,7928842,65536
20221118,17.68,18.24,17.53,17.59,94108016.0,5272441,65536
20221121,17.38,17.93,17.24,17.67,53699308.0,3051639,65536
20221122,17.67,18.98,17.63,18.21,124078552.0,6777229,65536
20221123,18.14,18.15,17.39,17.9,69349008.0,3908195,65536
20221124,17.9,18.77,17.71,18.58,124559768.0,6781092,65536
20221125,18.4,18.57,17.74,17.9,74527072.0,4140297,65536
20221128,17.5,18.04,17.12,17.9,62169372.0,3532434,65536
20221129,17.79,18.25,17.75,18.23,55633312.0,3090579,65536
20221130,18.02,18.8,17.95,18.28,77451968.0,4221841,65536
20221201,18.28,18.38,17.83,18.11,64901704.0,3582590,65536
20221202,17.94,19.3,17.94,19.17,155276560.0,8269522,65536
20221205,19.08,19.2,18.7,18.83,88332656.0,4677455,65536
20221206,18.8,18.96,18.6,18.72,62889328.0,3350420,65536
20221207,18.88,19.38,18.81,18.98,91740224.0,4799882,65536
20221208,18.85,18.97,18.38,18.42,67696048.0,3640026,65536
20221209,18.39,18.52,18.15,18.17,48426852.0,2648375,65536
20221212,18.2,18.73,18.0,18.52,57948680.0,3154754,65536
20221213,18.37,18.5,17.73,17.88,52972652.0,2941535,65536
20221214,17.99,18.13,17.61,18.06,42209608.0,2357497,65536
20221215,18.06,18.27,17.89,18.23,53577056.0,2959408,65536
20221216,18.1,18.58,17.71,18.52,64507280.0,3567257,65536
20221219,18.5,18.95,17.94,18.11,61700952.0,3360629,65536
20221220,17.89,18.0,17.25,17.66,37267736.0,2126551,65536
20221221,17.58,18.21,17.36,17.91,36248688.0,2041326,65536
20221222,17.68,18.09,17.3,17.4,32747358.0,1854118,65536
20221223,17.11,17.2,16.51,16.58,42396488.0,2526735,65536
20221226,16.6,17.28,16.57,17.11,32113310.0,1891011,65536
20221227,17.22,17.24,16.7,16.86,24563834.0,1454457,65536
20221228,16.85,16.93,16.42,16.44,30651412.0,1846809,65536
20221229,16.44,16.68,16.31,16.35,19247332.0,1166886,65536
20221230,16.48,16.68,16.4,16.57,16033944.0,970004,65536
20230103,16.55,16.87,16.4,16.85,23684352.0,1415843,65536
20230104,16.9,18.06,16.66,17.72,87498952.0,5037486,65536
20230105,17.65,18.19,17.45,18.02,80066424.0,4475635,65536
20230106,18.23,19.1,18.13,18.88,176181856.0,9390330,65536
20230109,18.88,19.68,18.88,19.13,128044264.0,6669120,65536
20230110,19.45,19.5,18.8,19.23,86825176.0,4525290,65536
20230111,19.32,19.37,18.84,18.85,66375536.0,3475989,65536
20230112,19.15,19.57,18.79,19.08,88514088.0,4616307,65536
20230113,19.28,19.8,19.08,19.22,75378104.0,3890122,65536
20230116,19.24,19.34,18.8,19.28,98918008.0,5187451,65536
20230117,19.31,20.08,19.21,19.87,170465504.0,8620149,65536
20230118,20.99,21.39,18.1,18.5,293026528.0,15302949,65536
20230119,17.88,18.21,17.75,18.0,118148408.0,6574894,65536
20230120,18.09,18.57,17.9,18.01,86114504.0,4730047,65536
20230130,18.9,19.81,18.9,19.81,126335064.0,6421861,65536
20230131,20.35,21.79,19.81,21.79,364504224.0,17349671,65536
20230201,23.95,23.97,23.1,23.97,154804000.0,6465716,65536
20230202,25.32,26.3,23.79,24.48,888431104.0,35651398,65536
20230203,24.48,26.93,24.15,25.9,770146496.0,30108422,65536
20230206,26.1,27.68,25.16,26.35,668772416.0,25463576,65536
20230207,26.34,28.99,26.15,28.99,849553216.0,30217419,65536
20230208,28.21,31.66,27.92,30.4,937608384.0,31249730,65536
20230209,30.2,30.86,28.91,30.5,745153408.0,25013331,65536
20230210,29.44,29.95,28.68,29.0,674577280.0,23004492,65536
20230213,28.58,29.8,28.57,29.36,523906656.0,17899989,65536
20230214,29.0,29.55,28.28,28.85,536934592.0,18558095,65536
20230215,28.16,29.35,27.95,29.35,464820288.0,16138019,65536
20230216,29.6,30.7,27.96,27.96,756150208.0,25518526,65536
20230217,28.0,28.45,25.82,26.4,655112064.0,24238756,65536
20230220,26.66,27.14,26.21,26.83,287358464.0,10754060,65536
20230221,27.0,27.31,25.88,26.43,364023136.0,13704269,65536
20230222,25.68,26.19,25.02,25.3,337951776.0,13266814,65536
20230223,25.3,26.3,24.92,25.81,351982592.0,13705206,65536
20230224,25.75,26.09,25.2,25.51,232574784.0,9090628,65536
20230227,25.31,25.52,24.86,25.0,174920336.0,6944450,65536
20230228,24.55,25.08,24.45,24.75,185290416.0,7522355,65536
20230301,24.64,25.25,24.27,25.01,251961744.0,10180998,65536
20230302,24.8,25.37,24.3,24.87,268077424.0,10822690,65536
20230303,25.0,25.31,24.37,24.39,225655168.0,9128757,65536
20230306,24.27,24.91,24.04,24.81,212391440.0,8657692,65536
20230307,25.09,25.85,24.58,25.76,456051264.0,18069311,65536
20230308,25.7,25.7,24.23,24.51,341202848.0,13782277,65536
20230309,24.15,24.38,23.8,24.1,187049296.0,7751426,65536
20230310,23.85,23.85,23.1,23.1,218199680.0,9329051,65536
20230313,23.21,23.55,23.09,23.48,140562944.0,6022237,65536
20230314,23.45,23.55,22.5,23.07,141902736.0,6167468,65536
20230315,23.3,23.32,22.76,22.83,94841720.0,4126694,65536
20230316,22.65,22.85,22.4,22.41,90565632.0,4009532,65536
20230317,22.6,22.78,22.08,22.1,134599312.0,6010007,65536
20230320,22.24,22.55,21.61,22.4,166372464.0,7534085,65536
20230321,22.22,23.01,22.2,22.93,183473520.0,8047328,65536
20230322,22.85,23.27,22.63,23.03,128396752.0,5594486,65536
20230323,22.9,23.28,22.7,23.16,128074992.0,5570332,65536
20230324,23.2,23.45,22.81,22.95,130842992.0,5672133,65536
20230327,22.73,24.2,22.65,23.65,286353184.0,12208107,65536
20230328,23.59,23.61,22.31,22.85,215330272.0,9439701,65536
20230329,22.72,23.17,22.58,22.58,114832608.0,5034298,65536
20230330,22.97,22.97,22.18,22.23,85610032.0,3833551,65536
20230331,22.26,23.07,22.11,22.76,109828808.0,4835700,65536
20230403,22.76,23.38,22.5,23.29,145795920.0,6331647,65536
20230404,23.16,23.39,22.39,22.51,135794832.0,5970284,65536
20230406,22.34,22.5,21.93,22.26,103692728.0,4669353,65536
20230407,22.16,23.42,22.08,23.14,176248672.0,7670123,65536
20230410,23.1,23.63,22.7,22.81,109541120.0,4747507,65536
20230411,22.78,22.81,21.87,21.94,120775768.0,5433304,0
